,EXEC,IPC,L3HIT,GT,Pred
2782,0.3664933564415945,0.8519040902677741,0.3238825883927031,1.02346617556,0.9982287700993475
3408,0.9746967071057192,0.5695345557130741,0.9522348232157947,1.65957632847,1.516925493541481
1157,0.26523396880415945,0.26496473906948514,0.520947298198973,1.02895100809,1.0431134557665644
4286,0.24910456383570193,0.5740479548682286,0.34523015343573893,1.02618198567,1.0098075451143815
1293,0.6844598497975737,0.5317348378018784,0.7064709806540048,1.05597445495,1.1008191522593547
2733,0.25095320623916817,0.5811001410431327,0.35923949299545005,1.01187555967,1.00820942718819
121,0.2488734835355286,0.5740479548682286,0.3485657104734319,1.01651164923,1.0096832505219444
1551,0.2128249566724437,0.49506346967629766,0.9729819879919858,0.982735637999,1.002549440205696
2987,0.9927209705372617,0.5813822284916522,0.9636424282858452,1.51175467228,1.5437074235878734
2014,0.5545927209705374,0.645980253881024,0.8972648432294522,0.9982759221899999,1.018722362750113
1050,0.9948006932409014,0.5818053596623157,0.9661440960643651,1.5587291615099998,1.548053092088621
2210,0.38844598497954946,0.3627644569820349,0.9899933288859207,1.0188055904100002,1.058876241678699
3979,0.2479491623341421,0.5740479548682286,0.36224149432967395,1.0135083574700001,1.009167023088131
976,0.27764298093587525,0.24806064880147824,0.5548699132757021,1.01825175126,1.0491220108309676
2031,0.3856730213746968,0.36064880112871744,0.9889926617745127,1.0282539080700002,1.0586622500874312
3051,0.7856730213726171,0.8716502115668148,0.4809873248837495,1.07200295332,1.0347479983129921
2239,0.37203928365129985,0.8631875881535447,0.48465643762491156,0.991469488483,0.988796260643967
2526,0.21120739456984405,0.3291960507762048,0.36657771847877474,1.0585003353799998,1.0421722660951906
1126,0.2541883304450607,0.5867418899881337,0.41127418278866296,0.9909498588210001,1.003179339394892
1102,0.253264009242981,0.5881523272222682,0.3905937291525653,1.02398356933,1.0051706045922832
971,0.21629116117850955,0.4992947813829327,0.9556370913945816,1.00236968435,1.0013025229604227
404,0.3859041016755632,0.35980253878739044,0.9863242161447588,1.01864141952,1.0587486695489858
1310,0.6809936452915079,0.5317348378018784,0.590727151434153,1.02819882639,1.070377025596134
2637,0.25118428653934144,0.5825105782814987,0.3925950633753812,0.980180435028,1.0057625954778604
3393,0.7764298093587523,0.8603667136810442,0.5633755837226696,1.07598834377,1.0467578826229504
3175,0.3856730213746968,0.35966149506397693,0.9886591060710437,1.0735521312899998,1.0590561587063054
1568,0.5398035817448874,0.6290550070544838,0.9072715143435316,1.0616452205,1.0173892063465693
4341,0.6648180242634316,0.5176304654436074,0.8292194796537123,1.12602858157,1.1221810504075722
2551,0.3870595031771231,0.36107193229938095,0.9853235490333508,1.1107023546299999,1.0584619100528283
4342,0.25049104563812824,0.5782792665748636,0.3779186124087318,1.0002227720999999,1.0069148334655056
3687,0.2419410745233969,0.3088857545843567,0.48807538358922226,1.0336263326000001,1.03399696570039
1677,0.683304448296014,0.5317348378018784,0.7188125416943693,1.11594705467,1.1029802044423804
4349,0.3466204506065858,0.8039492242606544,0.3275517011338651,1.0108461281299999,0.995222688060052
134,0.550202195263085,0.6417489421743889,0.9302868579059141,0.979792869413,1.0230672509766698
1238,0.9885615251299827,0.5788434414676712,0.9648432288195347,1.5639522313999998,1.5390728344517255
629,0.696476025421144,0.5444287729217835,0.6430953969318357,1.0968670607200002,1.089166018219788
2682,0.2539572501441941,0.5895627644564028,0.4176117411605797,1.03091847809,1.0030383974725385
1120,0.370421721548007,0.8631875881535447,0.3495663775848398,0.9904909872059999,0.9977106592685425
4392,0.25280184864263433,0.5867418899881337,0.38592394929999535,0.9863378060250001,1.005652290349969
9,0.6837666088963605,0.5317348378018784,0.5753835890595649,1.04396725868,1.0687790334420413
3780,0.4286539572499134,0.4823695345563926,0.9039359573048379,1.07062272887,1.015072271711547
468,0.7856730213726171,0.8744710860393151,0.42828552368259787,1.03742652823,1.0241268781575332
1617,0.7833622183708838,0.8702397743326802,0.5233488992663521,1.0346147220200002,1.042029935103025
560,0.24679376083188911,0.5726375176298627,0.3529019346235333,1.03022605052,1.0104116921105675
3009,0.6852686308492202,0.5320874471093542,0.7517511674452141,1.1146613611,1.112721051733605
3622,0.3466204506065858,0.8067700987331549,0.33022014676461986,1.00030688543,0.9957309993551877
4129,0.26149046793760833,0.27105782792703953,0.557371581054222,1.03335587196,1.0427002655996496
676,0.6601964182551127,0.5148095909753383,0.587058038692991,1.0459816789,1.0620062809587867
3889,0.3493934142114385,0.8081805359672893,0.33188792528396666,0.995396114321,0.994553781625108
2026,0.9927209705372617,0.5813822284916522,0.9812541694466249,1.46015055929,1.5518204483079472
4305,0.2192952050835355,0.36755994358317007,0.40993995997378585,0.997210976742,1.0305090086729347
2517,0.25095320623916817,0.5782792665748636,0.35090060040071747,1.02508582948,1.0086425860412822
635,0.24748700173310229,0.5754583921023632,0.3502334889927786,0.999179641314,1.0104131622699333
2098,0.21421143847487004,0.4978843441487982,0.9586390927288054,0.9978282398360001,1.0018992673811329
4278,0.24956672443674177,0.5782792665748636,0.3532354903270024,1.01659758408,1.0092269030286414
2644,0.25049104563812824,0.5782792665748636,0.3692461641095295,1.00065805724,1.0075406826557969
1619,0.36834199884436747,0.8575458392127752,0.3325550366909048,0.9904404432539999,0.9983026046313219
3059,0.2750433275563258,0.24456981664350433,0.5451134089394747,1.05076477975,1.050218535662505
117,0.20912767186620454,0.3400564174900424,0.3735823882586303,1.05759106566,1.0408406265289074
1688,0.36949740034662043,0.8561354019744093,0.36090727151479685,0.990885361313,0.995371161290975
2525,0.20912767186620454,0.4837799717905272,0.9629753168779064,1.00711456936,1.0049555954502685
1046,0.3743500866551127,0.8702397743326802,0.37891927952013976,1.01723615042,0.9958978987797319
3300,0.2486424032353553,0.5754583921023632,0.37958639092707797,0.997404934815,1.007611760526419
3477,0.24818024263431543,0.2884696755998427,0.4778185456972908,1.0700436756899998,1.0380636228614366
1299,0.24725592143292893,0.5754583921023632,0.3562374916612263,0.9951596586839999,1.0100846537768646
2236,0.28734835355285965,0.2645627644573548,0.590143428952832,1.0380482051200002,1.0440251554432716
2851,0.24020797227036395,0.3015867418904113,0.474316210807363,1.0838296392,1.036382054649406
2003,0.4376660889656846,0.48942172073552814,0.9399599733155237,1.02680990223,1.02052797205351
3523,0.2486424032353553,0.5726375176298627,0.35723815877263426,0.9821492780040001,1.0090750601429386
4146,0.7879838243812826,0.8815232722142194,0.4459639759844717,1.06491861633,1.0285145171644527
1101,0.27746967071057194,0.251657263752118,0.5643762508340775,1.14228430767,1.048220383317282
3241,0.2548815713462738,0.5923836389289032,0.41027351567725495,0.9644405472059999,1.0032407767309075
583,0.38682842287694974,0.36093088857596745,0.9886591060710437,1.0678402206,1.0589109215674133
1487,0.688734835355286,0.5342031029626716,0.7752668445633007,1.1700833661299999,1.1207020358009914
1418,0.5564413633740035,0.6502115655876589,0.8749166110740076,0.9939201237090001,1.0149593486376278
1048,0.39121894858440215,0.364739069111939,0.9926617745166755,1.0942010705399998,1.0594093261063902
1691,0.5617562102828423,0.6558533145284285,0.8509006004002172,0.974018406315,1.0123059863264074
2195,0.24841132293448875,0.5726375176298627,0.3552368245498183,1.02356533239,1.009349418116992
4313,0.368573079145234,0.8575458392127752,0.3619079386262048,0.978422814324,0.9961420767332776
4024,0.3794338532637782,0.354019746121938,0.9856571047368199,1.01951246484,1.0589280797933245
3802,0.68630849220104,0.5359661495085134,0.7241494329558787,1.1564955299700002,1.10487820939212
2684,0.554361640670364,0.645980253881024,0.9256170780523436,1.03718267274,1.0233303094151909
2083,0.5481224725594455,0.6403385049360231,0.93228819212873,1.03053925099,1.0227115114536278
1006,0.4240323512422877,0.4710860366706221,0.9369579719812999,1.02536198915,1.021577483265359
2652,0.20566146736013868,0.3332863187594264,0.36857905270159064,1.04847785926,1.0437698128138153
1159,0.36580011554038133,0.8476727785611392,0.31854569713119363,0.986164915941,0.9977589083931355
2396,0.6886192952048527,0.5359661495085134,0.7775183455639686,1.07736599018,1.1203972317150726
2976,0.8180242634315424,0.8198166431605357,0.622164776517886,1.2029721886,1.0972815325756833
2773,0.5495089543618719,0.6403385049360231,0.8925950633758816,1.0293601193200002,1.0168579757989527
2798,0.36811091854419414,0.8533145275061401,0.3205470313540095,0.9829450515629999,0.9980614676777931
2778,0.24956672443674177,0.5768688293364977,0.36624416277530564,1.0379441489399999,1.0081696011208834
1611,0.36834199884436747,0.8547249647402747,0.3275517011338651,1.02202427638,0.9978473836942185
2292,0.2906412478336222,0.24880112835013934,0.590893929286388,1.00414998176,1.0500541663401495
2639,0.27937608318890816,0.23134696756026987,0.558622414943482,1.02056193544,1.055703913690296
133,0.44760254188353554,0.4964739069104322,0.918945963975957,0.988126346989,1.0189003382834494
1250,0.0007498093587521664,0.13117066290568571,0.5637091394261388,1.0624288686799999,1.1908695245336953
1920,0.25025996533795497,0.5811001410431327,0.39659773182101293,1.0270740864899999,1.0058806405182197
3634,0.9857885615251301,0.5763046544436901,0.9494329553038524,1.54609687889,1.5291985714607899
1486,0.2507221259389948,0.5825105782814987,0.39426284189472793,1.00664635784,1.0058873006407454
1930,0.9885615251299827,0.5796897038089982,0.9624416277521557,1.561728245,1.537387378291827
2108,0.25233968804159446,0.5853314527497677,0.38592394929999535,0.9991084985969999,1.0058041426056692
3388,0.21190063547105722,0.49224259520379726,0.9579719813208666,1.03727445676,1.0031602617306186
4149,0.2486424032353553,0.5740479548682286,0.3779186124087318,1.01162844804,1.0076505823405093
14,0.2541883304450607,0.5895627644564028,0.3902601734490962,1.0223481858299999,1.0048031992092072
550,0.38798382437920276,0.3619181946407079,0.9889926617745127,1.04430773144,1.0589415341123445
4008,0.21166955517019065,0.33427362482416684,0.3979319546368906,1.02670202435,1.0398990746812782
3804,0.25280184864263433,0.5853314527497677,0.3875917278183415,1.0217757853,1.0054425605035577
2478,0.38544194107452345,0.36022566995805394,0.9859906604402889,1.04570868123,1.0583456160375435
3885,0.2507221259389948,0.5825105782814987,0.39159439626397324,1.01482532653,1.0060757628244326
105,0.24702484113206244,0.5712270803957281,0.36224149432967395,1.02024839131,1.0095004738668938
1804,0.6578856152513,0.5133991537369723,0.7098065376916978,1.0771456057100002,1.0892145129034407
1256,0.350317735412825,0.8110014104397898,0.3242161440961722,1.0091862307,0.9953477421306731
2968,0.2639861351819758,0.2758815232726035,0.5135423615745542,1.0444769868700001,1.0394473793287369
1067,0.21166955517019065,0.4880112834971622,0.965643762508661,1.02317096991,1.0038208896192797
2881,0.251415366840208,0.5768688293364977,0.346564376250616,1.00218974489,1.0086209386159368
1412,0.7879838243812826,0.8815232722142194,0.5206804536355973,1.04362752867,1.0435173153531907
1938,0.25049104563812824,0.5782792665748636,0.36224149432967395,0.993766608001,1.008053029505001
1973,0.6927787406121317,0.537376586742648,0.7258172114742248,1.0336081089700002,1.1099256320312965
2594,0.2151357596762565,0.49224259520379726,0.9619746497664984,1.0028240256799998,1.0025352928077405
2722,0.5518197573656846,0.645980253881024,0.8572381587731347,1.01379092706,1.0109422633802534
912,0.24679376083188911,0.5726375176298627,0.3729152768516921,0.98764326696,1.0089221999784084
994,0.7008665511265164,0.545839210155918,0.6594396264178318,1.11992661186,1.0960492782191045
1453,0.3540150202197574,0.818053596614694,0.36290860573761274,1.0019288319700002,0.992581865291135
2764,0.9871750433275565,0.5771509167850172,0.9764509673118669,1.5602228857799998,1.5432555349958508
2088,0.2766031195840555,0.2483779971794759,0.5551200800535541,1.07362254662,1.0490978153970363
4377,0.6858463316000001,0.5345557122701474,0.7615076717814414,1.08362322339,1.1145928719301108
1672,0.23760831889081457,0.30983779971834957,0.48757505003351825,1.07403799135,1.03490132018055
2515,0.7787406123604853,0.8730606488009494,0.5063375583724171,1.03431219211,1.0354425689590203
2303,0.7879838243812826,0.8871650211592202,0.4859906604407892,0.9825833660619999,1.0360929643340153
2691,0.6488734835355287,0.5049365303237022,0.606404269513211,1.0412738020799999,1.0627697069543895
2721,0.7902946273830156,0.8716502115668148,0.4949966644434607,1.06408107658,1.0405125753511175
71,0.367417677642981,0.8490832157995052,0.30920613742505315,0.989506904031,0.9980219789106011
636,0.24748700173310229,0.5740479548682286,0.34256170780498424,0.996116472827,1.0109072765637208
70,0.24280762564991337,0.31110719323034003,0.47956971314225477,1.04026206039,1.0331758113676672
2823,0.549740034662045,0.6346967559952534,0.8749166110740076,1.0065381778799998,1.0154734153271545
830,0.4411322934717505,0.49506346967629766,0.9619746497664984,1.0526848930500001,1.022940235589119
476,0.379896013864818,0.3551480959100919,0.9866577718482278,1.02220899401,1.0587242617410024
4036,0.21166955517019065,0.3440056417494273,0.4059372915281541,1.01086131372,1.0378237466504685
306,0.3655690352395148,0.8462623413270046,0.31554369579696984,0.973912038845,0.9976942885765179
1498,0.973310225303293,0.5703808180544011,0.9570380253505528,1.5673439709499999,1.516239463348834
2883,0.43004043905233974,0.4823695345563926,0.9052701801207157,1.03915411476,1.0156849033124282
1604,0.24956672443674177,0.5796897038089982,0.35723815877263426,1.03063134282,1.0090205275883433
1451,0.22114384748700175,0.35063469675663,0.3779186124087318,1.0552736153,1.033708316327013
2523,0.38266897746967077,0.3576868829340729,0.9869913275516969,1.07162148536,1.0586207786920159
914,0.24610051993067592,0.5684062059232277,0.346564376250616,0.994154725243,1.0110148931089338
4029,0.25049104563812824,0.5698166431615935,0.37758505670426207,0.986001196679,1.0064704313026487
1237,0.3782784517622184,0.3537376586746879,0.983655770514004,1.0377309593200001,1.058375051836072
4258,0.35147313691507803,0.8152327221464248,0.33789192795241424,1.02353253183,0.9948542516464842
3229,0.24771808203327558,0.5754583921023632,0.3705803869244065,1.0011941414799999,1.0087624843752296
3262,0.25095320623916817,0.5811001410431327,0.3565710473646954,1.01163674205,1.0084082673431745
1044,0.3551704217213172,0.8236953455596949,0.36290860573761274,1.03001726869,0.9934452607772116
2753,0.3812824956672444,0.3569816643165825,0.9886591060710437,1.04876698833,1.0586730957976238
1654,0.37088388214904683,0.8603667136810442,0.3519012675121254,0.986581552217,0.9965133478949538
4006,0.25118428653934144,0.5811001410431327,0.37725150100079297,0.9830415862880001,1.006767453701405
380,0.2128249566724437,0.49224259520379726,0.9639759839893143,1.00584791738,1.0029706415723092
3182,0.2525707683417678,0.5853314527497677,0.3975983989324209,1.0319596552099999,1.004861506624927
1065,0.550202195263085,0.6417489421743889,0.90293529019343,1.03415449036,1.0185376210695825
10,0.253264009242981,0.5867418899881337,0.3922615076719121,1.0157867148100002,1.004961630444065
616,0.560369728480416,0.654442877294294,0.7971981320886583,1.01666328,1.0035254362130424
4282,0.24315424610051994,0.2915373765871531,0.48082054703151467,1.06907056929,1.0384162632018883
4350,0.2805892547660312,0.23801128349822004,0.5548699132757021,1.07190952025,1.0527908171714775
1989,0.4256499133448874,0.47531734837725714,0.9149432955303253,1.06983387431,1.01782916781985
2165,0.254419410745234,0.5895627644564028,0.41027351567725495,1.01303839863,1.0032988728612824
2629,0.24142114384748703,0.30909732016968844,0.4873248832556663,1.03240622921,1.0340758897195657
1941,0.25025996533795497,0.5811001410431327,0.36724482988671364,0.986296124066,1.0079924725954061
2631,0.21236279607140382,0.49224259520379726,0.9703135423622318,0.979712249279,1.003053261547355
4270,0.2381282495667245,0.30983779971834957,0.47881921280869877,1.07023170244,1.0347732698058103
3893,0.38405545927209706,0.3583921015519864,0.9866577718482278,1.08588471499,1.058756719802563
1441,0.2539572501441941,0.5895627644564028,0.3982655103403597,1.0127519554200002,1.0043626557212368
2664,0.24263431542461006,0.31121297602300596,0.48257171447647856,1.05990267466,1.033196329544035
3894,0.2268630849220104,0.3836741889991307,0.41177451634436685,1.02728793167,1.0248436767675657
3797,0.2518775274405546,0.5853314527497677,0.3975983989324209,1.01876928043,1.0052223816990393
4259,0.25095320623916817,0.5811001410431327,0.362575050033143,1.0218062911399999,1.0079621268314363
3245,0.6881571346045062,0.5345557122701474,0.739826551033936,1.05270145547,1.1109559066708166
482,0.6814558058925477,0.5303244005635124,0.6757838559038278,1.01608472217,1.0915340098801407
2407,0.2421143847487002,0.30052891396375253,0.4820713809207746,1.0280597131,1.0361831171432023
1413,0.24332755632582326,0.2997884344150914,0.474316210807363,1.0248205472299998,1.0360493220528468
1824,0.35540150202218374,0.8222849083213291,0.35356904603047157,1.00172217618,0.9936103611208581
4028,0.7787406123604853,0.8617771509194101,0.4346230820545146,0.990609250281,1.022155572194526
1641,0.2507221259389948,0.5839210155156331,0.3855903935955256,1.00774859953,1.0065927639478447
1060,0.3898324667819758,0.36078984485255405,0.9873248832561667,1.0701440531200002,1.059894379970593
1249,0.36764875794315427,0.8504936530336396,0.3205470313540095,1.0112040422,0.9974859064552593
4026,0.2456383593296361,0.5684062059232277,0.35823882588404216,0.979553307314,1.010390230280583
2962,0.3621028307334489,0.8392101551478691,0.32488325550411107,0.978215799428,0.9967975279913939
1330,0.2077411900637782,0.3328631875887629,0.3639092728490207,1.0252953224899999,1.0431151059916988
4221,0.36995956094766036,0.8603667136810442,0.3365577051365366,0.971428714232,0.998032474649606
2620,0.5564413633740035,0.645980253881024,0.7795196797867845,0.9873854056,1.0009480107681712
1334,0.2374350086655113,0.3153385049369751,0.4685623749167674,1.02954341252,1.0336116189632494
4147,0.24956672443674177,0.5768688293364977,0.35923949299545005,1.01475755301,1.0086861967660734
2462,0.27937608318890816,0.25567700987342123,0.5558705803871101,1.04253740645,1.046166884035879
1061,0.43004043905233974,0.48660084626302763,0.9472981987998491,1.03721454319,1.019779395241409
103,0.3819757365684576,0.3559943582514189,0.9856571047368199,1.1117811981399999,1.0589441518861222
4140,0.24818024263431543,0.5768688293364977,0.36290860573761274,0.984732662561,1.0091681174797351
1089,0.21606008087833622,0.3393511988721289,0.43995997331602404,1.05630859314,1.0358761697229104
2394,0.2507221259389948,0.5811001410431327,0.38258839226130176,1.0152453286,1.0066299073948703
2021,0.7856730213726171,0.8772919605075843,0.5713809206139332,1.00925058294,1.0529276595577202
1054,0.7833622183708838,0.8772919605075843,0.5507004669778356,1.05753049651,1.0470690961379279
1600,0.4295782784519931,0.47672778561562307,0.8999332888592061,1.09492449785,1.0166965619680295
4376,0.21536683997712305,0.35218617771544736,0.41627751834570265,1.01762127875,1.0344858075512537
3783,0.6733679953781629,0.5232722143886084,0.6167444963307595,1.09588731279,1.0744400846717372
2231,0.2583477758523397,0.5980253878696729,0.5293529019347998,0.9810355180329999,0.9946965108519286
2758,0.3496244945116118,0.8124118476739244,0.33789192795241424,1.0219349054,0.9950691084503365
953,0.7926054303847487,0.8871650211592202,0.4396264176115543,1.0217301063600002,1.0297037449652056
3216,0.6740612362793761,0.5246826516227429,0.5947298198797848,1.04982434721,1.0692582489953344
2061,0.25025996533795497,0.5839210155156331,0.37825216811220086,1.0157779232600002,1.0073711689898814
608,0.3470826112076257,0.805359661494789,0.33488992661819045,1.01699924206,0.994805853016843
2699,0.22876949740034666,0.42069816643218716,0.38425617078064855,1.05122323592,1.0205026258976533
563,0.6736568457538995,0.5246826516227429,0.671197464976875,1.11913453352,1.0869220137779092
1283,0.21051415366863088,0.4880112834971622,0.9633088725823762,1.0021940362200001,1.0040446084938648
1629,0.3789716926634316,0.3543018335687649,0.9889926617745127,1.01591467893,1.0590993479493496
3372,0.44390525707660317,0.48660084626302763,0.9126084056040403,1.06234984048,1.0199623324309275
1627,0.5513575967646447,0.6431593794085235,0.8625750500336433,0.9969392801000001,1.0122284838386828
1740,0.257469670710572,0.2750352609312765,0.5255503669114495,1.03264934653,1.0411112338113515
1483,0.2125938763722704,0.4908321579696626,0.9663108739166,1.02433709869,1.0032216781715548
409,0.6571923743500867,0.5133991537369723,0.7341561040699582,1.0265387364799998,1.094505088171188
2534,0.6858463316000001,0.5345557122701474,0.7008005336890263,1.02140059832,1.0992877457210044
2792,0.347313691507799,0.8067700987331549,0.32288192128129517,0.9729211693009999,0.9959140357156546
4287,0.210051993067591,0.4880112834971622,0.9623082054709683,1.02022009042,1.0041362798802205
1807,0.2525707683417678,0.5867418899881337,0.4012675116745835,1.03337487366,1.0046937808821106
1581,0.2525707683417678,0.5740479548682286,0.391927951968443,1.03436544267,1.0046199985575015
1014,0.24771808203327558,0.5754583921023632,0.3498999332893095,1.00924850484,1.010310740619138
817,0.37550548815736573,0.8674188998601796,0.4823215476986266,1.0146016372700002,0.9886258706911382
2606,0.2882149046793761,0.22616361071964197,0.5808872581723086,1.03504306475,1.0587514695183065
2025,0.21467359907590994,0.4880112834971622,0.967645096731477,0.967952115426,1.0032661201002362
3180,0.7926054303847487,0.8758815232734497,0.48032021347581066,1.0317187726700001,1.038625538248647
1548,0.6876949740034662,0.5345557122701474,0.8082054703141456,1.03912481222,1.128261705397259
1674,0.2525707683417678,0.5867418899881337,0.38592394929999535,1.03614020169,1.0057742550236815
3772,0.24771808203327558,0.5726375176298627,0.3599066044033889,1.00950034843,1.0093803123981815
2719,0.9844020797227037,0.5754583921023632,0.9720480320216719,1.56769984538,1.5377949660729975
1883,0.35609474292339693,0.8265162200279641,0.3689126084060604,0.9727741925360001,0.9933138335704719
2300,0.26042749855597924,0.280253878702652,0.5250166777856988,1.01898884999,1.0389118870474405
3647,0.24841132293448875,0.5768688293364977,0.35890593729198095,1.00912597147,1.0093412113601565
75,0.34800693240901215,0.805359661494789,0.311207471647869,0.9815214111589999,0.9960642848859218
4071,0.6876949740034662,0.5359661495085134,0.7731821214148678,1.13316417393,1.1185007133140759
2767,0.5575967648755633,0.6488011283492932,0.8739159439625996,1.03329726499,1.015679197352613
1623,0.4365106874641248,0.4880112834971622,0.918945963975957,1.04727965796,1.0177715423751121
3896,0.2759098786828423,0.23653032440089777,0.5476150767179946,1.04611526983,1.0533475084153396
1734,0.20843443096499137,0.4823695345563926,0.9576384256173976,0.9720147935179999,1.0053171716416918
997,0.2581629116117851,0.276304654443267,0.5157438292196517,1.06482007515,1.040349751468378
1255,0.38382437897192373,0.3572637517634094,0.9873248832561667,1.07447627697,1.0592714666040046
2019,0.21398035817469677,0.34428772919667744,0.3975983989324209,1.00707278108,1.0371095725512203
1298,0.21374927787383016,0.34527503526141784,0.3599066044033889,1.03461330611,1.0384668755004256
2335,0.7949162333934143,0.8716502115668148,0.4983322214811536,1.03647287402,1.0441933398161594
407,0.21097631426897748,0.3339915373769167,0.3742494996665692,1.01581433178,1.0410967503636885
2051,0.27642980935875217,0.23653032440089777,0.5376084056039152,1.04894031823,1.0528341243745063
2445,0.2082033506641248,0.4837799717905272,0.9639759839893143,0.98704897426,1.005133885784822
3396,0.4395147313691508,0.48942172073552814,0.9372915276857697,1.04734157692,1.0208250746827756
1738,0.3822068168686309,0.35669957686933246,0.9859906604402889,1.03618342957,1.058757551983101
2358,0.4425187752741768,0.5007052186170672,0.8912608405610045,1.07534417935,1.0120983743244438
3256,0.9913344887348354,0.5796897038089982,0.9768512341564299,1.54561905472,1.5486387917660813
1733,0.24610051993067592,0.5712270803957281,0.35557038025328747,0.987118961265,1.0105044444429383
4208,0.4395147313691508,0.4880112834971622,0.916277518346203,1.0070139551700001,1.0184484291756974
2065,0.21097631426897748,0.4908321579696626,0.9729819879919858,1.0277706137,1.0035230397770114
2889,0.3662622761407279,0.8490832157995052,0.3132088058706849,1.01777565177,0.9983160597426726
2353,0.9878682842287696,0.5786318758823393,0.9816544362911881,1.54569492241,1.5457714332139227
1301,0.35101097631403816,0.813822284908059,0.31054036023993015,0.9813884148109999,0.9967220523646031
1069,0.25233968804159446,0.5867418899881337,0.3705803869244065,1.0293310466299999,1.0070084034621676
2651,0.6837088388214905,0.5342031029626716,0.7925283522350877,1.1547988356799999,1.1209511085530577
2200,0.6729058347778164,0.5246826516227429,0.5296864576382688,1.03410402889,1.0537892290450426
3067,0.34870017331022535,0.8067700987331549,0.31187458305580784,0.989086670349,0.9960120476822371
2427,0.2603812824956673,0.27122708039530496,0.5443629086059188,1.03415667235,1.0424067613249481
3410,0.44390525707660317,0.4823695345563926,0.8609072715142966,1.04629296456,1.0144270035253888
315,0.23674176776429812,0.3202045133996054,0.4673115410275075,1.0375435182,1.0326264639857359
4130,0.25118428653934144,0.5782792665748636,0.36457638425595884,0.980269437182,1.0075082138233222
3869,0.8956672443674176,0.5246826516227429,0.9606404269516213,1.55331876854,1.4283178631378544
2600,0.21351819757365686,0.34344146685535043,0.40827218145443905,1.02009758358,1.0370819918646879
3258,0.2497978047369151,0.5782792665748636,0.3545697131418795,1.01205379774,1.009000034473106
1,0.21190063547105722,0.34696755994407186,0.39159439626397324,1.03899335476,1.0377329278441851
982,0.25118428653934144,0.5811001410431327,0.38625750500346445,0.991794315782,1.0061244636579478
140,0.35147313691507803,0.8152327221464248,0.33589059372959834,0.971959902588,0.9949970679255034
1685,0.28162911611785096,0.26318758815269844,0.5866410940629042,1.01668166685,1.0446767697114583
4074,0.24471403812824957,0.30719322990170267,0.49808205470330164,1.06498942425,1.0337821063892976
3919,0.3489312536103987,0.801128349788154,0.3132088058706849,1.0171980249099999,0.9943862775261845
1051,0.25511265164644714,0.5923836389289032,0.4156104069377638,1.02915669245,1.002760742676716
922,0.20797227036395147,0.4823695345563926,0.9559706470980508,0.9903688650069999,1.005413074840551
3666,0.24870017331022534,0.30846262341369324,0.4740660440295111,1.03446303794,1.032336620912187
925,0.24910456383570193,0.5754583921023632,0.3652434956638977,0.995197035643,1.0084056748507226
2654,0.24679376083188911,0.5754583921023632,0.35723815877263426,1.0234091997399999,1.010263311762224
3375,0.5557481224727904,0.6473906911151586,0.8905937291530657,1.04053618874,1.017850090128681
2079,0.38613518197573665,0.36050775740530394,0.9853235490333508,1.03864152934,1.0583773288815
4311,0.9948006932409014,0.5818053596623157,0.9691460973985889,1.4823722845299998,1.5494377479238846
4340,0.9871750433275565,0.5779971791263441,0.9708472314879824,1.5314323189599999,1.5400979402506059
1660,0.21467359907590994,0.4992947813829327,0.967311541028008,0.980654953801,1.0015963378185102
4298,0.25095320623916817,0.5796897038089982,0.3562374916612263,0.964430702519,1.0083382860587513
4393,0.6890814558058926,0.5345557122701474,0.7081387591733518,1.04509880838,1.103688461510068
2106,0.2391681109185442,0.3100493653036813,0.4855737158107024,1.04461467793,1.0344253953909681
3906,0.3664933564415945,0.8490832157995052,0.311207471647869,1.02378448066,0.9983453599747173
1331,0.25899480069324093,0.27190409026836654,0.5317545030021787,1.0262270610700002,1.042043358488481
1017,0.38151357596741775,0.35754583921065947,0.982321547699127,1.05560343005,1.0576268016565038
3363,0.9982668977469671,0.5839210155156331,0.9738492328222061,1.54867386595,1.5559852135898047
1609,0.7926054303847487,0.8801128349800849,0.44362908605718604,1.04508999744,1.0309185860865353
3399,0.251415366840208,0.5853314527497677,0.40760507004650026,1.0260371025700001,1.004766470908464
2593,0.2534950895438475,0.5867418899881337,0.41627751834570265,0.9809556660879999,1.0031955107813002
1333,0.44067013287140383,0.47672778561562307,0.900600400267145,1.0788788173100001,1.020503663028604
1311,0.38082033506620455,0.3555712270807554,0.984656437625412,0.995096698144,1.0585847551346876
2064,0.5425765453497401,0.6318758815227531,0.9089392928618776,1.04531799092,1.0182736696717063
1993,0.24656268053171576,0.5726375176298627,0.35090060040071747,1.00664226259,1.010691102099939
648,0.24933564413656847,0.5768688293364977,0.362575050033143,0.9792622831360001,1.0085646977543394
4399,0.2518775274405546,0.5839210155156331,0.38792528352281125,0.99159554061,1.0058155998057734
2099,0.44482957827868286,0.49224259520379726,0.9246164109409356,1.02717576016,1.0200678611420206
3405,0.5557481224727904,0.6445698166426581,0.9279519679786284,1.01753718976,1.0247834908016538
1612,0.38151357596741775,0.35627644569866895,0.9853235490333508,1.02778420085,1.0586074760328448
2966,0.2098209127674177,0.4837799717905272,0.9412941961314015,0.980018196136,1.0048726675899677
3982,0.2733102253032929,0.2517630465447839,0.5358572381589513,1.06464037434,1.0473098249951265
842,0.9746967071057192,0.5712270803957281,0.95163442294895,1.58020621964,1.515489333444597
3011,0.4411322934717505,0.4823695345563926,0.8882588392267807,1.05128902256,1.017118123999249
1991,0.24841132293448875,0.5740479548682286,0.35390260173494126,0.992750645549,1.009536174053498
373,0.20958983246655113,0.3380818053601384,0.38125416944642476,1.05136513988,1.0406851938525978
112,0.3639514731369151,0.8462623413270046,0.3182121414277246,1.01136750322,0.998320083707884
831,0.25927209705372617,0.6008462623421732,0.5466977985322038,1.0111447594399998,0.9935138462350233
588,0.4376660889656846,0.4823695345563926,0.8995997331557372,1.04826393276,1.0174532817211017
1127,0.2158290005774697,0.3535966149512745,0.4122748499000709,1.02920009527,1.0341879615356409
3529,0.6641247833622184,0.5162200282094728,0.7478318879251994,1.04146871029,1.101890586036726
1639,0.27642980935875217,0.24594499294816075,0.540610406938139,1.03971918043,1.049373079336707
2207,0.5492778740610051,0.6389280677018885,0.7895263509008639,1.00540329856,1.0009815081577376
2696,0.24725592143292893,0.5740479548682286,0.3605737158103271,1.00384265094,1.0096690422689822
2443,0.3664933564415945,0.8490832157995052,0.31454302868556194,0.975564419491,0.9981011250615492
3057,0.9538994800693241,0.5585331452758231,0.9282188125420041,1.54862653248,1.4804679940623515
4072,0.25511265164644714,0.5909732016947686,0.41661107404917175,1.01315298362,1.0026057467132383
2532,0.38266897746967077,0.354019746121938,0.984656437625412,0.979054840824,1.0599385248840432
2197,0.23604852686308495,0.3056064880117145,0.475817211474475,1.05877060329,1.0364560093248336
3891,0.25095320623916817,0.5811001410431327,0.36824549699812154,0.9994495477840001,1.0075449033090365
4042,0.2548815713462738,0.5867418899881337,0.4019346230825223,0.986877392289,1.0034566699501908
845,0.368573079145234,0.8575458392127752,0.3388925950638222,1.0011586083700001,0.9977367954441516
559,0.7879838243812826,0.8913963328658552,0.49199466310923684,1.0231744117200001,1.0370331095904954
1303,0.545580589254766,0.636107193229388,0.9266177451637514,0.997509061196,1.0215697520882605
1870,0.7856730213726171,0.8787023977459503,0.5016677785188465,1.0842315268,1.0383893719150303
991,0.9941074523396882,0.5822284908329791,0.9570380253505528,1.4958959026899998,1.5424060436380633
3651,0.67151935297539,0.5232722143886084,0.7084723148768207,1.0274667519,1.0949026089332219
4159,0.5557481224727904,0.645980253881024,0.8188792528351632,1.02314668911,1.0066925808705596
3618,0.25002888503778165,0.5782792665748636,0.3562374916612263,0.98752188435,1.0087490065922036
2769,0.210051993067591,0.33117066290610886,0.374916611074508,1.07020924225,1.04198754048796
1499,0.21166955517019065,0.3437235543021773,0.40760507004650026,1.0159751828899999,1.0378152240509457
686,0.38105141536707104,0.354866008463265,0.983322214810535,1.02217913979,1.058797025731478
4266,0.44552281917989606,0.48942172073552814,0.8805870580389863,1.0541183867,1.015277764824881
2854,0.3812824956672444,0.3564174894220824,0.9859906604402889,1.0994891619299998,1.0585550227811145
3640,0.2540034662045061,0.28256699576908684,0.5509673115412111,1.0521217792,1.0398768771442475
4382,0.35655690352374353,0.8279266572663299,0.3435623749163922,0.981276647967,0.9951988654530582
3786,0.9927209705372617,0.5813822284916522,0.9644429619749716,1.54985912585,1.544075357548375
2660,0.6839976891972271,0.5317348378018784,0.7565043362244017,1.08273813642,1.1130473898142736
1489,0.5492778740610051,0.6389280677018885,0.852234823216095,0.9834490943790001,1.0106239731597917
574,0.3812824956672444,0.3555712270807554,0.9829886591060651,1.08048064042,1.0585172874624331
2433,0.9899480069324091,0.5796897038089982,0.9568378919282713,1.51248268819,1.5371323539195205
2763,0.4318890814558059,0.4795486600838922,0.950633755837542,1.1193038070999999,1.0232379351988985
1495,0.21398035817469677,0.49506346967629766,0.9636424282858452,0.979116113684,1.0023384825691446
1805,0.3678798382440208,0.8575458392127752,0.34222815210151514,1.03401070346,0.9978430556080305
1942,0.20935875216637784,0.3335684062062532,0.37858572381567,1.02558748338,1.0417041370408155
4390,0.25534373194662047,0.5881523272222682,0.39859906604382883,0.9900360717810001,1.003533132480416
1853,0.25899480069324093,0.27486600846301107,0.5355570380255289,1.03718356801,1.0411666969759357
1306,0.7856730213726171,0.8631875881535447,0.4789859906609336,1.00474802418,1.0350349987215817
4386,0.5594454072790296,0.6530324400559282,0.8965977318215133,0.991377852046,1.0193177944662457
2528,0.21629116117850955,0.3139633286323187,0.3669112741832445,1.0072036602399999,1.0430550840706618
4131,0.7856730213726171,0.8716502115668148,0.5040026684461322,1.0052566988200002,1.0394175694818428
2766,0.21444251877504333,0.348942172073976,0.4139426284194176,1.0581642226,1.0355173952276469
3528,0.24656268053171576,0.5712270803957281,0.3502334889927786,0.985961815984,1.0106533138080798
3525,0.24748700173310229,0.5740479548682286,0.3639092728490207,0.991858711001,1.0092946108682588
2214,0.2541883304450607,0.5909732016947686,0.423949299533497,0.979354805713,1.00258236316713
2424,0.2497978047369151,0.5782792665748636,0.35390260173494126,0.9889466838400001,1.0090500735032881
3397,0.3859041016755632,0.36107193229938095,0.9909939959973286,1.08986654114,1.0588393789527284
2727,0.9871750433275565,0.5771509167850172,0.9700466977988561,1.53896713663,1.540320136993827
1450,0.38405545927209706,0.3581100141047364,0.9913275517017985,1.03356642848,1.0595375208152098
405,0.25118428653934144,0.5853314527497677,0.3689126084060604,0.977958348557,1.0076563382953312
2142,0.7117273252478338,0.5528913963350536,0.3995997331552368,1.16748931802,1.039804861804989
2971,0.24656268053171576,0.5726375176298627,0.34623082054714693,0.9946752309710001,1.0110476773468757
2171,0.25280184864263433,0.5895627644564028,0.4006004002666447,1.0124850292,1.004800410784417
4257,0.553206239168111,0.6445698166426581,0.8735823882591307,1.02121658906,1.0145273496038882
1478,0.3669555170419411,0.8519040902677741,0.33222148098743576,1.0113600314,0.997398248707756
2592,0.37088388214904683,0.8631875881535447,0.341894596398046,0.980692748639,0.9980212313655082
1796,0.3829000577698441,0.3583921015519864,0.9893262174789826,1.09221898132,1.0587141062259344
3678,0.25534373194662047,0.5867418899881337,0.4089392928623779,0.9841510038529999,1.0027492033871455
4034,0.35101097631403816,0.8124118476739244,0.34322881921292303,0.9863920055869999,0.9939964073507643
3619,0.43812824956672447,0.4851904090288931,0.8809206137424552,1.06455794875,1.0142404079398504
3597,0.21351819757365686,0.49506346967629766,0.967311541028008,0.9716796346909999,1.0024228202203058
4395,0.36995956094766036,0.8589562764469096,0.34256170780498424,0.996495024339,0.9972031036704148
3793,0.4459849797802427,0.4880112834971622,0.9169446297531411,1.04690419341,1.0208360539089794
11,0.9899480069324091,0.5796897038089982,0.9662441627755058,1.52871046056,1.5414403493441398
2201,0.37804737146135187,0.352891396333361,0.9853235490333508,1.01982184736,1.0589015845860024
2619,0.2220681686883882,0.4823695345563926,0.9446297531690945,1.00240515064,1.002782432680831
2772,0.24910456383570193,0.5796897038089982,0.36657771847877474,1.02996219798,1.0085750176417476
990,0.7902946273830156,0.8772919605075843,0.47264843228801634,0.9999776707089999,1.0355107604625455
833,0.25303292894280766,0.5881523272222682,0.41027351567725495,1.00287767642,1.0039218190913888
1470,0.25210860774142113,0.5839210155156331,0.39659773182101293,1.01504667501,1.005085328733844
2222,0.5492778740610051,0.6431593794085235,0.9286190793865673,0.9986422917829999,1.0219755862846833
477,0.9927209705372617,0.5805359661503251,0.9490326884592893,1.48650328152,1.537591732542708
3068,0.7902946273830156,0.8885754583933548,0.41861240827198765,1.02663264775,1.0241815965424328
2203,0.9594454072790296,0.5619181946411311,0.9476317545033183,1.5480376597499999,1.4954808756940932
983,0.2537261698440208,0.5881523272222682,0.38659106070693355,0.979054728432,1.0052112597411185
3590,0.38682842287694974,0.3578279266579095,0.9886591060710437,0.975867077236,1.0603020011014896
3065,0.20912767186620454,0.4851904090288931,0.9549699799866428,1.0140219959999999,1.0047583500356896
2365,0.7140381282495668,0.5571227080416886,0.5920613742500307,1.12843064014,1.0849822308507096
66,0.2488734835355286,0.5782792665748636,0.3529019346235333,0.989658891292,1.009633163331506
613,0.251415366840208,0.5811001410431327,0.3979319546368906,1.01598169812,1.0051860630424354
568,0.2456383593296361,0.5698166431615935,0.35590393595775716,1.02376345215,1.0106482064494657
2053,0.251415366840208,0.5839210155156331,0.38158772514989386,1.00457318318,1.0065125668338886
1689,0.2567302137490468,0.5923836389289032,0.42194796531068113,0.979337644511,1.0015234290317385
2168,0.35262853841733105,0.8166431593805594,0.3655770513673668,1.00884170521,0.9927205628500333
2425,0.24910456383570193,0.5768688293364977,0.35823882588404216,1.00776373392,1.0090123931090322
4280,0.38105141536707104,0.355712270804592,0.982321547699127,1.02040667921,1.0582806140918894
2723,0.20751010976291162,0.33314527503558977,0.3739159439631001,1.04141390988,1.0427635667910329
1538,0.2516464471403813,0.5839210155156331,0.3885923949297494,0.994787172078,1.0058899182390928
111,0.6613518197573658,0.5148095909753383,0.6184122748501063,1.06551274051,1.0698583015508585
824,1.0,0.584978843442292,0.9839059372918559,1.5480595887000002,1.562859039858672
1872,0.253264009242981,0.5881523272222682,0.4042695130088073,0.9831139951710001,1.0042153384458663
2299,0.28261120739480067,0.5557122708033225,0.5530353569051211,0.9865616349169999,0.9844716605596678
562,0.7856730213726171,0.8772919605075843,0.4516344229484496,1.03778873024,1.02851080929473
495,0.2518775274405546,0.5839210155156331,0.38258839226130176,0.989707092273,1.0061956348215373
2356,0.5545927209705374,0.6488011283492932,0.9122748499005713,1.0409328052,1.0205257962964676
3522,0.23760831889081457,0.31354019746165523,0.46506004002683965,1.02623442881,1.0340278119307424
3785,0.24702484113206244,0.5698166431615935,0.3512341561041866,1.01151515565,1.0102374375461498
65,0.5471981513573657,0.6389280677018885,0.8912608405610045,1.00118216464,1.0158823025104378
2671,0.43327556325823224,0.4880112834971622,0.9613075383595603,1.02406883639,1.02232723630825
1986,0.5513575967646447,0.6431593794085235,0.9196130753838959,1.011127817,1.0215141283987337
3873,0.25233968804159446,0.5881523272222682,0.40760507004650026,1.02639558915,1.004462176355508
977,0.3865973425767764,0.36107193229938095,0.9893262174789826,1.0253922358,1.0588575611549458
4218,0.21398035817469677,0.49224259520379726,0.9696464309542929,0.989937974518,1.0027516824408758
1947,0.24540727902946274,0.2921720733431483,0.475316877918771,1.0456420051000002,1.037647765117979
465,0.2779896013864818,0.2239421720736586,0.5621247498334097,1.03043768309,1.0589640656842836
1583,0.2082033506641248,0.3358251057834074,0.36124082721826595,1.0754703152200003,1.0424946229474459
3642,0.6551126516464472,0.5077574047962028,0.787525016678048,1.0505495385999999,1.1083999635329873
3533,0.23275563258232237,0.40271509167898834,0.3532354903270024,1.01669726874,1.0220902386464918
1305,0.2497978047369151,0.5782792665748636,0.35356904603047157,0.9946655933390001,1.0090751138490694
3585,0.8956672443674176,0.5229901269400888,0.9046030687127768,1.4720219456499999,1.4065044180147748
2828,0.21236279607140382,0.4936530324421632,0.9639759839893143,0.9951704724629999,1.0028532587396124
1010,0.20751010976291162,0.48095909732225806,0.9616410940630293,1.00453134698,1.0057084494152435
2460,0.44274985557504337,0.4964739069104322,0.9086057371584085,1.0464059576,1.0157920800621663
2850,0.3648757943383016,0.8519040902677741,0.31254169446274604,1.02301720585,0.9998884151561573
1671,0.5536683997691508,0.6473906911151586,0.8962641761180442,1.0289374689,1.0177688778641345
3052,0.44159445407279035,0.4837799717905272,0.9099399599732855,1.03049558059,1.0197218965713977
638,0.20935875216637784,0.3349788434420804,0.360240160106858,1.04085770702,1.0421723734786248
2471,0.43512420566169846,0.48660084626302763,0.9426284189462786,1.010149723,1.0209257713524822
1977,0.2497978047369151,0.5796897038089982,0.36591060707183654,1.01456837355,1.008248585031056
4040,0.253264009242981,0.5867418899881337,0.4039359573053382,0.974950167271,1.0041510951658963
1442,0.4457538994800694,0.5035260930895678,0.9202801867918348,1.03361856286,1.016151076256787
828,0.25880993645268635,0.6022566995763079,0.5283522348233918,1.02491919476,0.9947248454938403
2726,0.379896013864818,0.3550070521866785,0.9856571047368199,1.05317658985,1.0586491723090365
3040,0.24402079722703643,0.29386459802580234,0.4828218812543305,1.04827441106,1.0375559982695866
643,0.23899480069324092,0.31279971791299405,0.475567044696623,1.0378723291,1.033780927321106
3228,0.25025996533795497,0.5811001410431327,0.3575717144761033,0.9896095692299999,1.0087119766831976
78,0.7787406123604853,0.8603667136810442,0.4326217478316987,1.0385590811,1.0218693103082772
4023,0.36764875794315427,0.8476727785611392,0.3128752501672158,0.9703959014299999,0.9972367265628936
1921,0.2497978047369151,0.5811001410431327,0.3742494996665692,1.02931903496,1.0077268947059375
1687,0.4487579433850954,0.4978843441487982,0.9462975316884412,1.00803717062,1.0226748837008683
4255,0.23899480069324092,0.31036671368167895,0.4670613742496555,1.05635053218,1.03442589710977
1948,0.9857885615251301,0.5788434414676712,0.9544362908608921,1.50406980183,1.5297217019753953
2081,0.7856730213726171,0.8787023977459503,0.48465643762491156,1.0291712661299999,1.0349654118477436
3486,0.4249566724436742,0.47531734837725714,0.9472981987998491,1.1013964207,1.0218146220968625
1658,0.25511265164644714,0.5909732016947686,0.41527685123429464,1.00675052654,1.0026952417599415
2522,0.3667244367417678,0.8533145275061401,0.3148765843900317,1.01240900966,0.9991776552923439
2817,0.25118428653934144,0.5811001410431327,0.3732488325551612,0.999970267553,1.007056476630047
2710,0.7926054303847487,0.8730606488009494,0.5413609072716951,1.0504361684399999,1.0516152820826394
1882,0.4429809358752167,0.48942172073552814,0.9496330887261342,1.0543089475299998,1.0238025433701026
978,0.44067013287140383,0.48942172073552814,0.9392928619085856,1.00976675272,1.021515721577753
3042,0.21398035817469677,0.4908321579696626,0.9686457638428849,0.9940617030299999,1.002963049154326
3693,0.2132871172734836,0.4964739069104322,0.9659773182121302,0.984190439783,1.0022649800016072
2841,0.42859618717504333,0.4791960507764164,0.9271180787194554,1.0889400750700002,1.0190860508194666
2379,0.21143847487001735,0.48942172073552814,0.9639759839893143,0.965798420149,1.0036543984849748
2289,0.35101097631403816,0.8152327221464248,0.362575050033143,0.958204968844,0.9933590598136604
2011,0.2539572501441941,0.5909732016947686,0.3975983989324209,0.99487357606,1.0045022646135857
3664,0.12986712882703638,0.5796897038089982,0.2525016677782697,1.01377886516,1.1086653825235806
4333,0.20935875216637784,0.4851904090288931,0.952635090060358,0.9851950549070001,1.004718661529239
2355,0.3542461005199307,0.8236953455596949,0.37691794529732386,1.01791476331,0.9929473148191756
2724,0.26814558058925475,0.26462623413295433,0.5247498332223232,1.0466309765200001,1.0429414287411203
683,0.36187175043327563,0.8420310296203696,0.30953969312852225,0.977575455507,0.9988295753798726
3301,0.2497978047369151,0.5740479548682286,0.3689126084060604,0.996074890884,1.007682066871027
3380,0.24436741767764297,0.2937588152331365,0.4855737158107024,1.0680365464,1.0375182131183927
2027,0.548584633159792,0.6403385049360231,0.9102735156777554,0.990355263036,1.0192988079492158
2297,0.4457538994800694,0.4978843441487982,0.9182788525690189,1.01158323027,1.01768820657481
469,0.4420566146738302,0.4908321579696626,0.86924616411003,0.9859224548459999,1.0121952613738103
2313,0.5499711149622184,0.6403385049360231,0.8789192795196394,1.02533702405,1.0148647805776196
2761,0.27410745233968803,0.2691114245419875,0.5771847898600991,1.0571740496100002,1.0426611142510505
1653,0.7787406123604853,0.8801128349800849,0.4629753168784066,1.0105850328000001,1.0264539295334383
2441,0.34916233391126517,0.8110014104397898,0.31687791861284753,0.981497907532,0.9964797873256097
3683,0.3528596187175044,0.818053596614694,0.34089392928663803,0.98202552561,0.9946666015412515
3417,0.34685153090675913,0.8067700987331549,0.31187458305580784,1.0263149261700002,0.9969733309617022
1066,0.2102830733677643,0.3345557122714169,0.38425617078064855,1.07360381676,1.0409150855605902
3652,0.2486424032353553,0.5768688293364977,0.3545697131418795,0.9834993175810001,1.0095404179076048
1887,0.981629116117851,0.5754583921023632,0.9742494996667694,1.52559547748,1.5341939138956677
3231,0.25049104563812824,0.5768688293364977,0.3675783855901827,0.973406916646,1.0075750322495671
4308,0.24800693240901217,0.31904090268028074,0.5433622414945107,1.0181562085100002,1.030139647330759
2288,0.5538994800693242,0.645980253881024,0.9109406270846935,0.9717291213070001,1.0206441706739386
2663,0.25626805314870016,0.5909732016947686,0.41260840560354,1.02971742386,1.0022887018288635
2164,0.6925476603119586,0.5387870239767825,0.6507671781186294,1.06580186522,1.0903666989755452
1129,0.5557481224727904,0.6473906911151586,0.9476317545033183,0.9839778570379999,1.0274319178829927
6,0.4374350086655113,0.4851904090288931,0.949299533022665,1.05938095798,1.023138175008149
2451,0.7949162333934143,0.8871650211592202,0.5410273515682259,1.0288946945100002,1.0518395278319246
2455,0.24107452339688043,0.31851198871695136,0.46480987324898765,1.05293562112,1.0317969078790759
2617,0.23708838821490472,0.31322284908365755,0.474316210807363,1.03923666463,1.0342148284834791
3912,0.27480069324090123,0.26614950634734297,0.5319546364244603,1.0813333838899999,1.0418284652531087
2557,0.25025996533795497,0.5811001410431327,0.3562374916612263,1.02964056592,1.008812135173388
945,0.9927209705372617,0.5813822284916522,0.9630420280190005,1.55132550701,1.543431525610648
97,0.26315424610051996,0.26361071932336194,0.5203468979321283,1.06426460014,1.0438651713122395
3170,0.21467359907590994,0.49506346967629766,0.9683122081394159,1.0234747470899999,1.0022053028645068
1128,0.24107452339688043,0.32253173483825465,0.49307871914626195,1.03008354175,1.030719266300645
2461,0.3713460427500867,0.8603667136810442,0.35890593729198095,1.0132834923,0.995816973173266
1540,0.2897746967071057,0.2245768688296539,0.5846397598400884,1.02105548562,1.0596308382264235
4209,0.282842287694974,0.2355782792669049,0.5616244162777058,1.00773565888,1.0539775311683262
4331,0.2497978047369151,0.5768688293364977,0.35823882588404216,0.973658236718,1.0086347467520085
1975,0.5471981513573657,0.6389280677018885,0.9192795196804269,1.01811027686,1.0204497447228966
1466,0.24350086655112654,0.29904795486643027,0.4655603735825436,1.05714611326,1.036182887281141
4047,0.5624494511840554,0.6530324400559282,0.8755837224819466,0.993862688767,1.0173158876148074
3659,0.3667244367417678,0.8504936530336396,0.32121414276194843,0.9786848155779999,0.9979022558773079
2066,0.23708838821490472,0.31354019746165523,0.44704803202149673,1.06631008954,1.0342943459208116
4293,0.5557481224727904,0.6488011283492932,0.8442294863248314,0.997116727148,1.0100406232257615
481,0.35101097631403816,0.818053596614694,0.341894596398046,0.9860975529279999,0.9955211273825303
101,0.24656268053171576,0.5712270803957281,0.3529019346235333,1.01013205323,1.0104514623883964
633,0.36533795493934146,0.8504936530336396,0.3148765843900317,0.994071714851,0.9990692942418402
2974,0.3812824956672444,0.355712270804592,0.9866577718482278,1.02294163695,1.0589626788054376
1644,0.9927209705372617,0.5813822284916522,0.9692461641097296,1.53165497839,1.5462846410922062
3386,0.3678798382440208,0.8533145275061401,0.34623082054714693,1.0266808325,0.996358715866293
3626,0.21444251877504333,0.3163610719328863,0.38425617078064855,1.04634020515,1.0427720283996922
3635,0.3424610051993068,0.7912552891407494,0.3062041360908293,1.00442492023,0.9958412149765632
4005,0.28266897746967073,0.22362482369566095,0.5646264176119296,1.02316484611,1.0590097935860068
1546,0.43697284806447145,0.48660084626302763,0.918945963975957,1.06356860962,1.0183923545887081
3676,0.254419410745234,0.5867418899881337,0.39859906604382883,0.9723402443529999,1.003922064170145
1631,0.210051993067591,0.33018335684094524,0.4142761841228867,1.03795845724,1.0408008793694816
2404,0.21051415366863088,0.4880112834971622,0.9653102068051921,0.986715267064,1.004041775669215
3041,0.2525707683417678,0.5811001410431327,0.3649099399604286,0.999878198758,1.0069189449893812
1304,0.2486424032353553,0.5754583921023632,0.38425617078064855,0.981399907608,1.0072774597675322
2530,0.3662622761407279,0.8490832157995052,0.31387591727862374,0.967913673134,0.9982671730136816
1885,0.6957827845199308,0.5430183356834175,0.7031354236163121,1.03317361797,1.1041639135798986
1801,0.5566724436741768,0.6502115655876589,0.8889259506337188,1.02371430525,1.0173565556661681
3975,0.25049104563812824,0.5782792665748636,0.3482321547699627,1.0309938675,1.0090960958061461
2167,0.7949162333934143,0.8984485190407595,0.4986657771846227,1.06763628145,1.0422808718722238
1493,0.3849797804734836,0.35966149506397693,0.9866577718482278,0.9904473357700001,1.0585235625930964
4267,0.6897746967071058,0.5359661495085134,0.6320880587063483,1.11293849912,1.0848795976031118
3978,0.2486424032353553,0.5768688293364977,0.3502334889927786,1.02331698111,1.0098682893642574
3219,0.7856730213726171,0.8617771509194101,0.5063375583724171,1.0130945600299999,1.0407727950162773
3928,0.2564991334488735,0.2777433004235229,0.5173448965979045,1.08176453005,1.0402210784718742
934,0.7879838243812826,0.8871650211592202,0.5476984656436118,1.00853903289,1.0486580591575398
2672,0.2904679376083189,0.2255289139636467,0.5726317545031931,1.06237093491,1.058463297080887
3918,0.20889659156533796,0.4851904090288931,0.9533022014682968,1.02376661412,1.0048096341914037
2559,0.23795493934142117,0.3100493653036813,0.47306537691810313,1.063911222,1.034781448528032
3661,0.3829000577698441,0.35712270803999596,0.9856571047368199,0.9870923090960001,1.0587695539826127
2001,0.9913344887348354,0.580747531735657,0.9809039359576321,1.5136011114599999,1.5497680388482582
1834,0.696476025421144,0.5430183356834175,0.8212141427624489,1.1159320362799998,1.135485485585165
1664,0.251415366840208,0.5839210155156331,0.3992661774517676,1.02012754577,1.0052600584623
2716,0.2541883304450607,0.5811001410431327,0.4232821881255582,1.0321779983,1.0020853423431322
2832,0.2458694396305026,0.5698166431615935,0.34289526350945393,0.984662526956,1.0115099247324473
1123,0.3547082611209706,0.8222849083213291,0.35423615743841036,0.9720161517389999,0.993903378473912
176,0.6913922588097053,0.5345557122701474,0.6104069379588427,1.03896840953,1.081445967927583
3901,0.25025996533795497,0.5782792665748636,0.3742494996665692,0.984965607806,1.0073018049206939
3398,0.2516464471403813,0.296720733427781,0.4990827218147096,1.05662507181,1.0351116783645558
2857,0.26800693240901213,0.26437235543055626,0.5579719813210667,1.0725185056200002,1.0442163218845368
2646,0.25483535528596185,0.2795204513403096,0.5433622414945107,1.049548109,1.040534228349977
1099,0.3782784517622184,0.3537376586746879,0.9889926617745127,1.02609141546,1.0591081350345766
1252,0.24841132293448875,0.5768688293364977,0.3565710473646954,1.01428842222,1.009516535707799
3795,0.2125938763722704,0.3394922425955423,0.40760507004650026,1.04837375356,1.0382107301485584
827,0.2564991334488735,0.5980253878696729,0.5370246831225941,1.0143505816299998,0.9950951070210112
4344,0.5495089543618719,0.6403385049360231,0.8739159439625996,1.00207246342,1.013844000425482
2416,0.36580011554038133,0.8490832157995052,0.31387591727862374,0.9855726980159999,0.9985021955217868
1125,0.25626805314870016,0.5937940761630378,0.4019346230825223,0.992939341782,1.003193214976314
617,0.42934719815112654,0.4739069111431226,0.9462975316884412,1.1489424470899998,1.0236812586111166
3252,0.34985557481247836,0.8095909732014239,0.32254836557682537,1.01514328032,0.995347522462229
2706,0.21652224147868288,0.3258110014108968,0.3822548365578327,1.0598322531,1.0400757421868956
2233,0.9740034662045062,0.5701692524690694,0.9769012675120003,1.58965954515,1.5264770209909797
687,0.24771808203327558,0.5740479548682286,0.3522348232155946,0.9763415641,1.010042229441629
4211,0.6849220103986136,0.5331452750360129,0.7101400933961677,1.0792140519,1.1014887460451943
1232,0.5545927209705374,0.645980253881024,0.7711807871920519,1.02820429947,0.9989246762089765
3798,0.9927209705372617,0.5813822284916522,0.9754503002004589,1.5745521807799998,1.5491425609468883
3409,0.25002888503778165,0.5740479548682286,0.3435623749163922,1.01476816192,1.0094242254659895
1289,0.25025996533795497,0.5782792665748636,0.3619079386262048,1.00044744599,1.0082026774718669
3391,0.9871750433275565,0.5771509167850172,0.9728485657107983,1.5556723010799998,1.5416037437019043
679,0.20935875216637784,0.4837799717905272,0.9616410940630293,0.9672424581290001,1.0049126879557342
637,0.344309647602773,0.7997179125540194,0.31887925283566343,0.987695115772,0.9960022725778197
4136,0.4328134026571924,0.48095909732225806,0.9182788525690189,0.987942817215,1.0187532074028471
2469,0.24933564413656847,0.5796897038089982,0.3719146097402842,0.986989780932,1.0080560018424438
3255,0.20704794916256503,0.3330042313121763,0.3819212808543636,1.05014093495,1.0426754791101271
2821,0.2518775274405546,0.5825105782814987,0.36824549699812154,0.981696139544,1.007140348634743
1998,0.24702484113206244,0.5754583921023632,0.35823882588404216,0.995625675178,1.0100604399880868
4315,0.2176776429809359,0.5035260930895678,0.9649766511007222,0.9682246667290001,1.0004378373928005
1502,0.6606585788561525,0.49506346967629766,0.8198799199465711,1.13265639895,1.126978770192186
79,0.24818024263431543,0.5768688293364977,0.34222815210151514,0.9881082726880001,1.0107372898873197
3623,0.25210860774142113,0.5768688293364977,0.4019346230825223,0.995946412985,1.0043252427707938
1448,0.3731946851528597,0.866008462626045,0.3529019346235333,1.0169605829200001,0.9969570351931474
2317,0.2082033506641248,0.4823695345563926,0.9593062041367444,1.02750073649,1.0053592243601959
4314,0.6800693240901213,0.5303244005635124,0.8882588392267807,1.1574300099,1.144850964484699
2318,0.24725592143292893,0.5740479548682286,0.3549032688463492,1.0289605180799999,1.0100950295145286
4285,0.6858463316000001,0.5331452750360129,0.784189459640355,1.05089477632,1.121063944058802
2891,0.2369150779896014,0.3063469675603757,0.4733155436959551,1.0617687053799998,1.0360275276389013
3907,0.5374927787403813,0.6248236953478488,0.8719146097397839,1.03688399794,1.0117608995595315
1480,0.3528596187175044,0.8152327221464248,0.3368912608410063,1.00985950999,0.9942314616633967
4223,0.2525707683417678,0.5853314527497677,0.38625750500346445,0.974215303407,1.0056586282723063
951,0.2365684575389948,0.31047249647434483,0.4740660440295111,1.05712097677,1.035061153403628
4321,0.7833622183708838,0.8744710860393151,0.5060040026689481,1.00601343386,1.0381410154150439
837,0.21236279607140382,0.49506346967629766,0.9663108739166,0.995461106893,1.0026452117834463
2128,0.9899480069324091,0.5788434414676712,0.9752501667781773,1.4918910271399999,1.546165440649835
2893,0.24771808203327558,0.5726375176298627,0.36357571714455095,1.02441663918,1.009108800670188
2414,0.5511265164644715,0.6417489421743889,0.8305537024685893,0.9887763689799999,1.0074100680197755
3307,0.25095320623916817,0.5825105782814987,0.36090727151479685,1.00522073675,1.0081811706616732
183,0.379896013864818,0.3547249647394284,0.9869913275516969,1.02945033516,1.0589595351191805
4289,0.251415366840208,0.5796897038089982,0.36157438292173505,0.9805073330859999,1.0076931812675187
3673,0.683304448296014,0.5289139633293779,0.8595730486994196,1.02055252291,1.1406877832420332
3071,0.38105141536707104,0.35627644569866895,0.9863242161447588,1.0575614862,1.058582324117787
413,0.348469093010052,0.805359661494789,0.32454969979964127,0.9709138854029999,0.9948480086150886
3825,0.254419410745234,0.5867418899881337,0.4039359573053382,0.981298193423,1.003557456378342
1922,0.23674176776429812,0.31057827926701076,0.47906937958655077,1.0692947668200001,1.0349681773209503
3056,0.45984979780450613,0.7136812411871842,0.3525683789190636,1.03141446365,0.9445645667970101
3360,0.7810514153691509,0.8730606488009494,0.5380253502340021,1.0292810729700002,1.0433198807290234
1607,0.25002888503778165,0.5796897038089982,0.3599066044033889,1.00918164768,1.0085685555203996
1241,0.20912767186620454,0.4851904090288931,0.9539693128752349,1.0262250661799999,1.0047611736099737
2668,0.38844598497954946,0.3631875881526984,0.9926617745166755,1.0793652258,1.0590664782041221
3584,0.3535528596187175,0.818053596614694,0.3545697131418795,0.9815581882719999,0.9933723049657704
141,0.21444251877504333,0.48942172073552814,0.9669779853235381,0.98737716643,1.0030908464168515
2759,0.2539572501441941,0.5895627644564028,0.37858572381567,1.0295457878899998,1.005757677254668
985,0.23899480069324092,0.3069816643163709,0.47081387591743523,1.03438050222,1.035289186388932
2223,0.25280184864263433,0.5853314527497677,0.41160773849213206,0.990097885635,1.0037809657976386
646,0.3648757943383016,0.8476727785611392,0.32288192128129517,0.980506302418,0.9979106684753657
2103,0.27538994800693245,0.24552186177749724,0.5421114076052509,1.0282591565799999,1.0496936611861607
1794,0.2564991334488735,0.5853314527497677,0.4176117411605797,1.0254349800799998,1.0015201991003269
624,0.24679376083188911,0.5740479548682286,0.3552368245498183,1.0015572553299998,1.0103241872287665
2378,0.9899480069324091,0.5796897038089982,0.9508338892598236,1.47342046105,1.534388343852508
2541,0.2486424032353553,0.5754583921023632,0.35390260173494126,0.962698501502,1.0094990680740294
2326,0.25303292894280766,0.5895627644564028,0.3949299533026667,1.02676728296,1.005078718690643
3531,0.37111496244922015,0.3456981664320814,0.9859906604402889,1.0152866175700002,1.0598400684093836
3299,0.25608318890814563,0.26488011283535245,0.5031354236159117,1.04949165475,1.0441510602884914
973,0.25303292894280766,0.5839210155156331,0.3925950633753812,1.01176287646,1.0048829719597607
1929,0.2507221259389948,0.5825105782814987,0.36657771847877474,1.0164321353799999,1.0078858193231257
3174,0.25303292894280766,0.5839210155156331,0.38625750500346445,1.0255791619499999,1.0053264388649503
3774,0.5467359907570192,0.636107193229388,0.8135423615746543,1.0153222942,1.00416122557482
1536,0.5504332755632583,0.6290550070544838,0.9022681787864919,1.0204892292,1.0217237529360772
3773,0.9899480069324091,0.5805359661503251,0.9576384256173976,1.54990353743,1.53691289485442
4141,0.24841132293448875,0.5768688293364977,0.3875917278183415,0.9989915961329999,1.0072427609388712
1984,0.3470826112076257,0.8067700987331549,0.31854569713119363,0.9969970501109999,0.9963540822562393
1131,0.25880993645268635,0.5825105782814987,0.4703135423617313,0.985307296899,0.9971131748646227
314,0.7648757943362219,0.8490832157995052,0.48932621747848215,1.07428137571,1.0256631675534886
181,0.34500288850398614,0.7997179125540194,0.3108739159443999,0.958292544771,0.9962388621174767
570,0.2486424032353553,0.5726375176298627,0.34923282188137067,1.0259457777299998,1.009671374116315
15,0.28162911611785096,0.23949224259554233,0.5651267511676334,1.0544819573200002,1.0526756854458523
1098,0.9871750433275565,0.5788434414676712,0.9660440293532243,1.5425681383399998,1.537313198208722
2056,0.7833622183708838,0.8730606488009494,0.5016677785188465,1.0248268112899999,1.0373740784073462
374,0.25210860774142113,0.5853314527497677,0.37224816544375333,0.990934834959,1.006913164711749
1690,0.35609474292339693,0.8152327221464248,0.40026684456317563,0.9719174484659999,0.9885396088044665
4300,0.27764298093587525,0.23399153737691675,0.5523682454971823,1.01219983952,1.0544449165987373
1608,0.2507221259389948,0.5796897038089982,0.3649099399604286,1.01918037112,1.0078225627902073
1158,0.23847487001733103,0.30275035260973593,0.47731821214158693,1.0383783679,1.0365377765081387
1833,0.9760831889081457,0.5712270803957281,0.963242161441282,1.60838195651,1.5229865938705154
1793,0.4365106874641248,0.4837799717905272,0.9436290860576864,1.0888759913200001,1.0225024629756387
3631,0.2488734835355286,0.5782792665748636,0.3652434956638977,0.992510254741,1.0087078398859715
2059,0.5522819179667245,0.6445698166426581,0.8745830553705387,1.0426855019399999,1.0142522869126929
1465,0.7972270363951474,0.8885754583933548,0.49199466310923684,1.0312740626999999,1.0430244609095056
1695,0.21606008087833622,0.5021156558554332,0.9759839893262096,0.985585421053,1.0009328756029805
2658,0.5513575967646447,0.6431593794085235,0.9276184122751595,1.0272621361399998,1.0228498725179822
4132,0.2158290005774697,0.3172073342742133,0.3925950633753812,1.0240631737399999,1.041803177045593
3261,0.24020797227036395,0.30370239774372876,0.48782521681137025,1.06255693634,1.0358307643094373
1416,0.21351819757365686,0.4936530324421632,0.9569713142094587,0.976295856191,1.0026412723622837
4015,0.251415366840208,0.5796897038089982,0.38392261507717945,0.987726812921,1.0060832717361097
1978,0.36764875794315427,0.8547249647402747,0.3278852568383349,1.00372973544,0.998169901282879
2882,0.24771808203327558,0.5754583921023632,0.3482321547699627,1.01595971559,1.0104379260790568
2162,0.9913344887348354,0.5805359661503251,0.9694462975320113,1.5468638078999999,1.5446412681669515
2536,0.23708838821490472,0.3143864598029822,0.4640593729154317,1.0195635948700001,1.033973196416625
3767,0.24818024263431543,0.5740479548682286,0.3522348232155946,1.0045939329,1.0097881072431278
2549,0.5432697862509532,0.6332863187611188,0.8602401601073585,1.03801482858,1.0104933801071179
838,0.38151357596741775,0.35585331452800545,0.9883255503675746,1.0195824845600001,1.0592135701624303
555,0.25511265164644714,0.5909732016947686,0.39993328885970647,1.00590720832,1.0037404049356937
3183,0.25210860774142113,0.5839210155156331,0.3849232821885874,1.03538313621,1.0059069678876429
3257,0.21074523396880418,0.4880112834971622,0.9619746497664984,1.01496842339,1.0040018925769205
3857,0.21467359907590994,0.49506346967629766,0.965643762508661,1.01926494562,1.0022058599511408
2069,0.25280184864263433,0.5881523272222682,0.3869246164114033,1.03024041917,1.0056746541204573
1945,0.2769497400346621,0.2327221438649263,0.5443629086059188,1.04564857647,1.0546010885802781
2797,0.25118428653934144,0.5825105782814987,0.3692461641095295,0.984158975723,1.0074399643941985
3917,0.44436741767764293,0.4851904090288931,0.9099399599732855,1.039226443,1.0202330226806309
1300,0.2082033506641248,0.4851904090288931,0.9616410940630293,0.9892173830050001,1.004924787308512
822,0.28960138648180245,0.26318758815269844,0.6019012675118753,1.0387183587,1.045100581113714
2431,0.25095320623916817,0.5796897038089982,0.3549032688463492,0.994505009131,1.008437641976982
2312,0.3771230502599654,0.352891396333361,0.984989993328881,1.05349618139,1.0585345911772714
1937,0.37088388214904683,0.8561354019744093,0.3215476984654175,0.988156336157,0.9974152940626123
1308,0.272790294627383,0.24160789844885985,0.5391094062710271,1.0226591733600001,1.0512849649788523
3480,0.2516464471403813,0.5811001410431327,0.3639092728490207,1.0229004484100002,1.0074891280022127
2161,0.3741190063549394,0.8617771509194101,0.35356904603047157,1.00545072317,0.9952554026544636
3308,0.6873483535528597,0.5352609308893304,0.6919613075385898,1.13426001654,1.0979732401664586
2752,0.2541883304450607,0.5895627644564028,0.39092728485703504,1.0354580449500002,1.00475618617028
464,0.24933564413656847,0.5796897038089982,0.35790527018057305,0.979651643447,1.0090969160931103
2845,0.20866551126516467,0.4837799717905272,0.9626417611744373,0.9849715436859999,1.005046016463429
3233,0.282842287694974,0.25525387870275773,0.5691294196132652,1.0046206174299999,1.0467112251060684
644,0.2479491623341421,0.5768688293364977,0.3599066044033889,0.9985052867090001,1.009519029138595
3016,0.24818024263431543,0.5754583921023632,0.3485657104734319,0.9829974036720001,1.0101567489528471
3263,0.7833622183708838,0.8815232722142194,0.45863909272830516,1.0309196766700002,1.0282488114701587
3246,0.7972270363951474,0.8758815232734497,0.5380253502340021,0.9660241902910001,1.0537583941306674
1875,0.23899480069324092,0.3174541607902926,0.5296030687126517,1.0238982087700002,1.032587004823866
3777,0.7902946273830156,0.8730606488009494,0.5186791194127814,1.1034709412,1.0453015591607688
4297,0.21120739456984405,0.33526093088890724,0.37725150100079297,1.0205447319399998,1.040653018736083
2408,0.34523396880415946,0.801128349788154,0.3325550366909048,0.971486501276,0.9948715130578012
2218,0.21236279607140382,0.4936530324421632,0.9743162108078636,0.9888463084100001,1.0028426383360687
2111,0.3852108607743501,0.36022566995805394,0.9896597731824517,1.0721934437799998,1.0587768075963102
4303,0.35170421721525136,0.8110014104397898,0.3202134756505405,0.967876075782,0.9949319517224626
823,0.22668977469670712,0.38335684062113307,0.41961307538339554,1.0488688473299999,1.0246895738175663
2856,0.24841132293448875,0.5768688293364977,0.35590393595775716,1.03236229708,1.0095667533621817
1282,0.9857885615251301,0.5779971791263441,0.9670446964646322,1.54342180699,1.5360514186691347
3586,0.2539572501441941,0.5825105782814987,0.391927951968443,0.972043371972,1.0043652477397833
3833,0.22160600808804162,0.3334273624828398,0.40026684456317563,1.01016478066,1.036024950211814
3225,0.38266897746967077,0.35669957686933246,0.9866577718482278,1.0437567736,1.0590155245786927
1642,0.25233968804159446,0.5853314527497677,0.3905937291525653,1.00933790012,1.005473110372731
2018,0.3706528018488735,0.8575458392127752,0.3355570380251286,0.973844516451,0.9969475672371466
2512,0.26246100519930676,0.2664033850497411,0.5261507671782943,1.05694543765,1.0431910082159355
1874,0.37227036395147317,0.8645980253876794,0.346564376250616,0.9858734936419999,0.9974292098168045
411,0.21444251877504333,0.48942172073552814,0.966644429620069,0.9750890692759999,1.0030905176461598
1452,0.5566724436741768,0.6488011283492932,0.8782521681127015,1.0349579829100002,1.015942249286221
2728,0.6983246678197573,0.5444287729217835,0.5797198132086657,1.0704788316,1.0752247947778182
98,0.3662622761407279,0.8504936530336396,0.311207471647869,1.01379955957,0.9988685580721082
2990,0.37619872905857893,0.35077574048004345,0.9856571047368199,1.01158388139,1.0592526716377124
4379,0.24228769497400346,0.3173483779976267,0.4705637091395833,1.02139041264,1.0317273868653694
1924,0.549740034662045,0.6403385049360231,0.9359573048698919,1.0308568492299999,1.024139548197338
968,0.2188330444831889,0.32299012693966567,0.3885923949297494,1.0560985193899999,1.0395390469598944
3970,0.2388214904679376,0.30528913963371695,0.4765677118080309,1.06850707553,1.0357721427150275
2678,0.38151357596741775,0.35627644569866895,0.9896597731824517,1.0534740170799999,1.059209759770789
3306,0.25002888503778165,0.5782792665748636,0.3642428285524898,0.996211794098,1.008155680982269
3620,0.7810514153691509,0.8533145275061401,0.491327551701298,1.0188272259,1.035552666897929
3882,0.35147313691507803,0.8152327221464248,0.33589059372959834,1.019044408,0.9949970679255034
618,0.20843443096499137,0.33201692524743587,0.3755837224814462,1.04717195668,1.042502117349804
4374,0.39306759098786836,0.3654442877298526,0.9903268845903905,1.0487787043899999,1.0594562994494736
2453,0.3528596187175044,0.818053596614694,0.36357571714455095,1.0095488851,0.9930954940170994
1923,0.27091854419410744,0.268688293371324,0.5619746497666985,1.0575013148299999,1.0425183751320009
4295,0.7833622183708838,0.8617771509194101,0.48265510340209566,0.9962829745039999,1.0344592060811693
1162,0.9899480069324091,0.5796897038089982,0.9660440293532243,1.49902735167,1.5413485748820233
1624,0.348469093010052,0.8081805359672893,0.3305537024680889,0.991104880158,0.9951177835539222
3402,0.6960138648180243,0.5401974612151484,0.6891260840566009,1.06894033838,1.1020238925293127
