Configuration,ACYC,AFREQ,EXEC,FREQ,INST,INSTnom,INSTnom%,IPC,L2HIT,L2MISS,L2MPI,L3HIT,L3MISS,L3MPI,PhysIPC,PhysIPC%,READ,TIME(ticks),WRITE
batch-3-learning-12-regular-2,1946.66666667,0.76,0.120483333333,0.115733333333,2024.0,0.241,6.02,1.07233333333,0.672333333333,3.27833333333,0.00202666666667,0.662333333333,1.23383333333,0.000808,2.14166666667,53.5333333333,1.94666666667,2101.66666667,1.485
batch-3-learning-78-regular-2,1858.33333333,0.721333333333,0.116083333333,0.110616666667,1951.66666667,0.232166666667,5.80833333333,1.07766666667,0.691333333333,3.07666666667,0.001805,0.651666666667,1.28883333333,0.000772833333333,2.15666666667,53.9,1.92116666667,2100.0,1.475
batch-5-learning-1-regular-5,1896.66666667,0.76,0.147722222222,0.112855555556,2483.33333333,0.295333333333,7.38444444444,1.38411111111,0.619888888889,6.29666666667,0.00254555555556,0.763777777778,0.968,0.000562888888889,2.77,69.2,2.23244444444,2100.0,1.23644444444
batch-5-learning-1-regular-4,1826.66666667,0.745555555556,0.144244444444,0.108733333333,2423.44444444,0.288444444444,7.20222222222,1.34011111111,0.598777777778,6.15,0.00246711111111,0.783777777778,0.958777777778,0.000555677777778,2.68111111111,67.0222222222,2.223,2100.0,1.23088888889
batch-5-learning-1-regular-3,1884.44444444,0.76,0.146044444444,0.112277777778,2454.44444444,0.291888888889,7.30222222222,1.37233333333,0.624555555556,6.19666666667,0.00254466666667,0.753888888889,0.980222222222,0.000592177777778,2.74444444444,68.6222222222,2.22555555556,2100.0,1.23155555556
batch-5-learning-1-regular-2,1896.66666667,0.76,0.147144444444,0.112844444444,2474.77777778,0.294333333333,7.35888888889,1.34633333333,0.619,6.27666666667,0.00256388888889,0.767888888889,0.964444444444,0.000584666666667,2.69,67.2444444444,2.24222222222,2100.0,1.23711111111
batch-5-learning-1-regular-1,1880.0,0.76,0.146444444444,0.111855555556,2460.66666667,0.292666666667,7.31777777778,1.37544444444,0.605666666667,6.28555555556,0.00254744444444,0.757,0.939555555556,0.000567533333333,2.75555555556,68.8444444444,2.23555555556,2100.0,1.23622222222
batch-5-learning-45-regular-2,1874.44444444,0.76,0.145855555556,0.1115,2455.66666667,0.292222222222,7.30666666667,1.347,0.612555555556,6.25333333333,0.00254677777778,0.768333333333,0.939111111111,0.000573766666667,2.69555555556,67.4111111111,2.23555555556,2100.0,1.23544444444
batch-5-learning-45-regular-3,1830.0,0.746444444444,0.144811111111,0.108755555556,2434.44444444,0.289555555556,7.24444444444,1.35822222222,0.612444444444,6.23511111111,0.00256633333333,0.772111111111,0.951444444444,0.000577444444444,2.71444444444,67.8777777778,2.22633333333,2100.0,1.22933333333
batch-5-learning-45-regular-1,1787.77777778,0.734333333333,0.141044444444,0.106411111111,2368.88888889,0.281888888889,7.04111111111,1.35377777778,0.615333333333,6.15244444444,0.00249877777778,0.764,0.969777777778,0.000554111111111,2.70666666667,67.6666666667,2.204,2101.11111111,1.22655555556
batch-5-learning-45-regular-4,1781.11111111,0.734333333333,0.141188888889,0.105977777778,2373.33333333,0.282222222222,7.05666666667,1.34366666667,0.605333333333,6.096,0.00247444444444,0.772,0.931666666667,0.000538666666667,2.68666666667,67.1666666667,2.21133333333,2100.0,1.22711111111
batch-5-learning-45-regular-5,1836.66666667,0.747222222222,0.144211111111,0.109211111111,2425.22222222,0.288666666667,7.21666666667,1.37144444444,0.599888888889,6.23022222222,0.00244533333333,0.770333333333,0.954777777778,0.000473333333333,2.74333333333,68.6111111111,2.22222222222,2100.0,1.23411111111
batch-4-learning-100-regular-2,1912.85714286,0.748285714286,0.133214285714,0.113971428571,2239.57142857,0.266428571429,6.66,1.18514285714,0.64,4.65571428571,0.00224128571429,0.708428571429,1.16571428571,0.000734285714286,2.36714285714,59.2142857143,2.06285714286,2100.0,1.38042857143
batch-4-learning-100-regular-3,1825.71428571,0.731714285714,0.126385714286,0.108428571429,2128.14285714,0.253142857143,6.32428571429,1.19714285714,0.628,4.43471428571,0.002033,0.714857142857,1.10485714286,0.000559185714286,2.39571428571,59.8571428571,2.02142857143,2100.0,1.37
batch-3-learning-78-regular-3,1845.0,0.732666666667,0.114516666667,0.109666666667,1926.66666667,0.229166666667,5.72833333333,1.079,0.6705,3.06916666667,0.00187733333333,0.654,1.2565,0.000790666666667,2.155,53.9,1.92466666667,2100.0,1.47833333333
batch-4-learning-100-regular-1,1840.0,0.733142857143,0.1289,0.109414285714,2164.85714286,0.257714285714,6.44285714286,1.21142857143,0.644285714286,4.61571428571,0.002083,0.708428571429,1.22457142857,0.0006081,2.42428571429,60.6,2.03571428571,2100.0,1.374
batch-4-learning-100-regular-4,1952.85714286,0.76,0.1339,0.116,2254.28571429,0.268,6.7,1.22071428571,0.659571428571,4.61285714286,0.00220371428571,0.694571428571,1.136,0.000713714285714,2.44142857143,61.0142857143,2.06857142857,2100.0,1.38414285714
batch-4-learning-100-regular-5,1761.42857143,0.727,0.121985714286,0.1049,2052.71428571,0.244142857143,6.11,1.16171428571,0.628428571429,4.27142857143,0.00213642857143,0.732142857143,1.12142857143,0.000681142857143,2.32571428571,58.1,2.01128571429,2100.0,1.36628571429
batch-2-learning-45-regular-5,1778.33333333,0.718666666667,0.1114,0.105516666667,1875.0,0.223333333333,5.57833333333,1.0775,0.682,2.9405,0.00177066666667,0.666666666667,1.203,0.000705333333333,2.15,53.7833333333,1.8835,2100.0,1.44833333333
batch-2-learning-45-regular-4,2036.66666667,0.76,0.126716666667,0.121,2126.66666667,0.253,6.325,1.0925,0.688166666667,3.57166666667,0.002028,0.657,1.26583333333,0.000806333333333,2.185,54.6333333333,1.94666666667,2103.33333333,1.4805
batch-4-learning-56-regular-5,1762.85714286,0.725857142857,0.1231,0.104885714286,2069.14285714,0.246285714286,6.16857142857,1.17671428571,0.640857142857,4.36,0.00214714285714,0.732857142857,1.13471428571,0.000673285714286,2.35285714286,58.8,2.01642857143,2100.0,1.36871428571
batch-5-learning-34-regular-1,1783.33333333,0.738222222222,0.141611111111,0.106155555556,2381.55555556,0.283,7.07777777778,1.37533333333,0.621,5.74811111111,0.00228788888889,0.760333333333,0.969888888889,0.000488666666667,2.75222222222,68.7555555556,2.20666666667,2100.0,1.22733333333
batch-2-learning-45-regular-1,1983.33333333,0.752833333333,0.12315,0.118133333333,2071.66666667,0.246166666667,6.15666666667,1.08933333333,0.679666666667,3.284,0.00189366666667,0.658833333333,1.27716666667,0.000795666666667,2.18166666667,54.4833333333,1.91766666667,2100.0,1.46166666667
batch-4-learning-56-regular-2,1934.28571429,0.76,0.132842857143,0.115028571429,2234.57142857,0.265714285714,6.64428571429,1.18328571429,0.647285714286,4.83285714286,0.00241628571429,0.725142857143,1.16528571429,0.000744,2.36571428571,59.1714285714,2.07,2100.0,1.38471428571
batch-2-learning-45-regular-3,1968.33333333,0.76,0.122266666667,0.117116666667,2053.33333333,0.244666666667,6.115,1.09683333333,0.682666666667,3.32166666667,0.00198133333333,0.653,1.26083333333,0.000817,2.19333333333,54.85,1.9165,2100.0,1.47233333333
batch-2-learning-45-regular-2,1788.33333333,0.723166666667,0.111916666667,0.106533333333,1879.0,0.223333333333,5.58833333333,1.06116666667,0.663833333333,3.118,0.00193266666667,0.6755,1.24233333333,0.000765,2.12,53.05,1.88933333333,2100.0,1.46166666667
batch-5-learning-56-regular-2,1874.44444444,0.76,0.145066666667,0.1117,2439.88888889,0.290222222222,7.25666666667,1.34277777778,0.623333333333,5.86222222222,0.00246955555556,0.769333333333,0.961,0.000585444444444,2.68222222222,67.0666666667,2.22333333333,2100.0,1.23244444444
batch-5-learning-56-regular-4,1816.66666667,0.734222222222,0.143811111111,0.108122222222,2416.66666667,0.287666666667,7.19222222222,1.35022222222,0.611777777778,6.19511111111,0.00234511111111,0.761666666667,0.986555555556,0.000472722222222,2.70222222222,67.4888888889,2.20322222222,2100.0,1.229
batch-1-learning-89-regular-5,1996.0,0.76,0.12064,0.1188,2028.0,0.2414,6.036,1.0604,0.6972,2.778,0.0018232,0.6294,1.3096,0.000879,2.12,53.0,1.952,2100.0,1.574
batch-5-learning-34-regular-4,1825.55555556,0.746222222222,0.143755555556,0.108544444444,2414.0,0.287333333333,7.17888888889,1.34911111111,0.623444444444,5.83011111111,0.00242922222222,0.769444444444,0.956333333333,0.000582444444444,2.69777777778,67.4777777778,2.21988888889,2100.0,1.22855555556
batch-1-learning-89-regular-2,2005.0,0.76,0.125016666667,0.119266666667,2105.83333333,0.2505,6.25833333333,1.09083333333,0.696333333333,3.06666666667,0.00178833333333,0.627166666667,1.302,0.000783,2.18,54.5,1.91166666667,2100.0,1.45533333333
batch-4-learning-78-regular-2,1972.85714286,0.76,0.1352,0.117371428571,2268.57142857,0.270142857143,6.75285714286,1.217,0.663857142857,4.56,0.00217414285714,0.686428571429,1.147,0.000718142857143,2.43285714286,60.8571428571,2.06857142857,2100.0,1.38757142857
batch-4-learning-45-regular-2,1945.71428571,0.76,0.133728571429,0.115842857143,2248.57142857,0.267428571429,6.68714285714,1.21457142857,0.648857142857,4.75714285714,0.00217557142857,0.699,1.19757142857,0.000618857142857,2.42857142857,60.7428571429,2.07,2100.0,1.39157142857
batch-1-learning-45-regular-1,2016.66666667,0.76,0.12605,0.12005,2118.5,0.252333333333,6.305,1.104,0.681333333333,3.205,0.0016835,0.638666666667,1.30183333333,0.000668166666667,2.20666666667,55.2,1.92166666667,2100.0,1.457
batch-3-learning-89-regular-5,1938.33333333,0.76,0.119183333333,0.11535,2004.66666667,0.238666666667,5.965,1.06666666667,0.6565,3.34,0.00208283333333,0.679166666667,1.24466666667,0.000816166666667,2.135,53.3833333333,1.9415,2100.0,1.49166666667
batch-1-learning-67-regular-2,1793.33333333,0.719,0.112116666667,0.106716666667,1884.5,0.224166666667,5.6,1.05983333333,0.682,3.1965,0.00189566666667,0.679833333333,1.29783333333,0.0007505,2.12166666667,53.05,1.877,2100.0,1.44566666667
batch-1-learning-67-regular-3,1778.33333333,0.718333333333,0.1098,0.105366666667,1856.66666667,0.2195,5.48666666667,1.03283333333,0.6705,2.80666666667,0.00169683333333,0.673,1.27183333333,0.000754833333333,2.06166666667,51.5666666667,1.8755,2108.33333333,1.445
batch-1-learning-67-regular-1,1956.66666667,0.746833333333,0.122966666667,0.115966666667,2075.0,0.246,6.15166666667,1.1005,0.705833333333,3.05666666667,0.00183516666667,0.623,1.3435,0.0008545,2.2,55.0333333333,1.915,2108.33333333,1.458
batch-3-learning-78-regular-1,1791.66666667,0.724666666667,0.112116666667,0.106533333333,1884.16666667,0.224,5.605,1.06233333333,0.671166666667,3.1245,0.00196783333333,0.673833333333,1.22116666667,0.000775833333333,2.125,53.15,1.91983333333,2100.0,1.47166666667
batch-1-learning-67-regular-4,1943.33333333,0.76,0.119516666667,0.115066666667,2016.5,0.239,5.975,1.08033333333,0.682,3.095,0.00171933333333,0.646333333333,1.317,0.000708166666667,2.15833333333,53.9833333333,1.89833333333,2108.33333333,1.45083333333
batch-1-learning-67-regular-5,2002.0,0.76,0.12006,0.11896,2030.2,0.2402,6.008,1.0566,0.6962,3.13,0.0018084,0.6356,1.4362,0.0007974,2.112,52.84,1.954,2110.0,1.58
batch-5-learning-100-regular-2,1885.55555556,0.76,0.1467,0.112155555556,2464.77777778,0.293111111111,7.32555555556,1.35877777778,0.608666666667,6.28111111111,0.00241733333333,0.762888888889,0.935888888889,0.000468777777778,2.71888888889,67.9666666667,2.23222222222,2104.44444444,1.23144444444
batch-4-learning-23-regular-5,1767.14285714,0.728428571429,0.123828571429,0.104828571429,2081.42857143,0.247571428571,6.18714285714,1.19871428571,0.652,3.99271428571,0.00191214285714,0.713857142857,1.14314285714,0.000610142857143,2.39571428571,59.9142857143,2.02285714286,2102.85714286,1.36771428571
batch-4-learning-23-regular-4,1947.14285714,0.76,0.133357142857,0.1157,2242.28571429,0.266714285714,6.66857142857,1.216,0.634571428571,4.68571428571,0.00214042857143,0.714428571429,1.12885714286,0.000585142857143,2.43285714286,60.8142857143,2.06,2100.0,1.38557142857
batch-4-learning-23-regular-3,1830.0,0.728714285714,0.127957142857,0.108914285714,2147.57142857,0.255857142857,6.39714285714,1.17057142857,0.643857142857,4.43957142857,0.00212628571429,0.703142857143,1.14171428571,0.000689714285714,2.34142857143,58.5142857143,2.05071428571,2100.0,1.37757142857
batch-4-learning-23-regular-2,1825.71428571,0.727571428571,0.127614285714,0.108557142857,2144.28571429,0.255142857143,6.37857142857,1.20671428571,0.661285714286,4.62042857143,0.00225585714286,0.713857142857,1.174,0.000707571428571,2.41571428571,60.3857142857,2.03342857143,2100.0,1.37028571429
batch-4-learning-23-regular-1,1881.42857143,0.741714285714,0.1306,0.112071428571,2197.14285714,0.261142857143,6.53142857143,1.21685714286,0.670285714286,4.23528571429,0.00203842857143,0.696857142857,1.107,0.000663757142857,2.43428571429,60.9,2.03914285714,2100.0,1.37957142857
batch-4-learning-67-regular-5,1921.42857143,0.749428571429,0.133057142857,0.114328571429,2235.42857143,0.266142857143,6.65428571429,1.21614285714,0.639857142857,4.64828571429,0.00211971428571,0.703285714286,1.14714285714,0.000608714285714,2.43,60.7857142857,2.06857142857,2100.0,1.38671428571
batch-4-learning-67-regular-4,1872.85714286,0.738,0.129942857143,0.111385714286,2185.71428571,0.260142857143,6.49857142857,1.21242857143,0.651285714286,4.46228571429,0.00214228571429,0.700571428571,1.13142857143,0.000691142857143,2.42714285714,60.6714285714,2.04471428571,2100.0,1.37657142857
batch-4-learning-67-regular-3,1840.0,0.737857142857,0.127257142857,0.109471428571,2140.57142857,0.254714285714,6.36714285714,1.199,0.635714285714,4.43485714286,0.00204014285714,0.704428571429,1.13942857143,0.000585142857143,2.39857142857,59.9714285714,2.03142857143,2100.0,1.37342857143
batch-4-learning-67-regular-2,1874.28571429,0.76,0.128514285714,0.111614285714,2161.28571429,0.257,6.41714285714,1.17414285714,0.631285714286,4.59,0.00232814285714,0.720142857143,1.168,0.000754285714286,2.35142857143,58.7571428571,2.04685714286,2100.0,1.37814285714
batch-4-learning-67-regular-1,1954.28571429,0.76,0.133342857143,0.116142857143,2242.85714286,0.266571428571,6.66571428571,1.213,0.671428571429,4.54571428571,0.00217657142857,0.688285714286,1.13742857143,0.000710142857143,2.42428571429,60.6571428571,2.05857142857,2101.42857143,1.38271428571
batch-5-learning-100-regular-1,1784.44444444,0.736333333333,0.141422222222,0.106177777778,2375.66666667,0.282888888889,7.06555555556,1.32811111111,0.599888888889,6.12,0.00248944444444,0.789444444444,0.935222222222,0.000548333333333,2.65666666667,66.3888888889,2.20833333333,2100.0,1.22555555556
batch-5-learning-23-regular-4,1875.55555556,0.752333333333,0.146666666667,0.111222222222,2471.33333333,0.293444444444,7.33777777778,1.36255555556,0.620555555556,5.94466666667,0.00230344444444,0.756111111111,0.990666666667,0.000496988888889,2.72222222222,68.0666666667,2.23333333333,2105.55555556,1.23588888889
batch-5-learning-23-regular-5,1892.22222222,0.752333333333,0.144877777778,0.111444444444,2449.11111111,0.289444444444,7.23666666667,1.34366666667,0.618222222222,6.05811111111,0.00235677777778,0.772555555556,0.967222222222,0.000474755555556,2.68555555556,67.1777777778,2.22111111111,2113.33333333,1.23055555556
batch-5-learning-23-regular-2,1948.88888889,0.76,0.147855555556,0.115911111111,2486.22222222,0.295555555556,7.39888888889,1.33622222222,0.598777777778,6.406,0.00247688888889,0.767,0.979555555556,0.000485722222222,2.67222222222,66.8222222222,2.23444444444,2100.0,1.23811111111
batch-5-learning-23-regular-3,1776.66666667,0.734333333333,0.140977777778,0.105755555556,2370.44444444,0.282333333333,7.04777777778,1.34511111111,0.627222222222,5.727,0.00234466666667,0.768,0.947666666667,0.000542244444444,2.69,67.2444444444,2.20744444444,2100.0,1.22877777778
batch-5-learning-23-regular-1,1831.11111111,0.746333333333,0.143533333333,0.109011111111,2408.88888889,0.286444444444,7.16555555556,1.37333333333,0.647111111111,5.69255555556,0.00236244444444,0.757777777778,0.952555555556,0.000566922222222,2.74777777778,68.6888888889,2.21255555556,2100.0,1.22777777778
batch-5-learning-67-regular-1,1906.66666667,0.755444444444,0.147833333333,0.113322222222,2484.44444444,0.295666666667,7.39111111111,1.335,0.640333333333,5.93777777778,0.00247866666667,0.772444444444,1.00988888889,0.000605555555556,2.67,66.7444444444,2.24666666667,2101.11111111,1.23777777778
batch-1-learning-89-regular-4,1996.0,0.76,0.12042,0.11856,2026.4,0.2412,6.038,1.0248,0.6804,2.832,0.0018538,0.6408,1.3368,0.000894,2.05,51.28,1.958,2100.0,1.574
batch-3-learning-67-regular-4,1998.33333333,0.76,0.1237,0.118816666667,2080.0,0.247333333333,6.18666666667,1.09266666667,0.702333333333,3.20833333333,0.00187883333333,0.639166666667,1.26416666667,0.000809833333333,2.18333333333,54.6,1.97,2100.0,1.49333333333
batch-3-learning-67-regular-5,1773.33333333,0.7185,0.11045,0.105433333333,1853.33333333,0.2205,5.52,1.056,0.665333333333,2.8955,0.00177966666667,0.658333333333,1.23983333333,0.000743833333333,2.11333333333,52.8,1.9055,2100.0,1.46833333333
batch-3-learning-67-regular-1,1896.66666667,0.7275,0.118383333333,0.11275,1988.33333333,0.2365,5.91333333333,1.08066666667,0.6815,3.27366666667,0.00190516666667,0.656333333333,1.29566666667,0.0007815,2.16333333333,54.0333333333,1.95233333333,2100.0,1.48166666667
batch-3-learning-67-regular-2,1963.33333333,0.76,0.121583333333,0.1169,2045.0,0.243333333333,6.08333333333,1.09366666667,0.689666666667,3.255,0.0019565,0.653333333333,1.2325,0.000799166666667,2.185,54.65,1.95166666667,2100.0,1.48666666667
batch-3-learning-67-regular-3,2000.0,0.76,0.1242,0.1191,2091.66666667,0.248666666667,6.21666666667,1.09583333333,0.6935,3.42166666667,0.00197833333333,0.652166666667,1.26083333333,0.000807666666667,2.19,54.7666666667,1.955,2100.0,1.49333333333
batch-2-learning-78-regular-3,1878.33333333,0.7265,0.1184,0.111566666667,1990.0,0.236666666667,5.91666666667,1.08316666667,0.674666666667,3.501,0.00197533333333,0.6605,1.38683333333,0.000811833333333,2.17,54.2,1.92666666667,2100.0,1.47166666667
batch-2-learning-23-regular-5,1955.0,0.76,0.120316666667,0.115283333333,2035.5,0.240666666667,6.015,1.08566666667,0.674666666667,3.305,0.001815,0.662333333333,1.254,0.000665666666667,2.17166666667,54.25,1.91333333333,2111.66666667,1.46933333333
batch-2-learning-23-regular-4,1938.33333333,0.76,0.12,0.115216666667,2018.33333333,0.24,6.0,1.07383333333,0.6605,3.30833333333,0.0020105,0.671,1.22416666667,0.000780333333333,2.15,53.7166666667,1.90966666667,2100.0,1.46883333333
batch-1-learning-34-regular-4,1935.0,0.76,0.119933333333,0.115266666667,2017.5,0.240166666667,6.00166666667,1.0505,0.6705,3.10333333333,0.00194016666667,0.671166666667,1.28366666667,0.000830833333333,2.105,52.5833333333,1.894,2100.0,1.45083333333
batch-1-learning-34-regular-5,1830.0,0.732666666667,0.115366666667,0.108866666667,1939.5,0.231,5.77666666667,1.079,0.687666666667,3.00883333333,0.0018925,0.669,1.235,0.000797333333333,2.155,53.9333333333,1.88166666667,2100.0,1.444
batch-1-learning-34-regular-2,1936.66666667,0.76,0.119916666667,0.115016666667,2015.5,0.239833333333,5.99833333333,1.07333333333,0.673166666667,3.02166666667,0.00188716666667,0.656666666667,1.261,0.0008195,2.14666666667,53.7,1.90333333333,2100.0,1.447
batch-1-learning-34-regular-3,1843.33333333,0.721166666667,0.116166666667,0.109716666667,1951.66666667,0.232166666667,5.805,1.08633333333,0.702166666667,3.23666666667,0.00190166666667,0.666833333333,1.32133333333,0.000798,2.17,54.3,1.88566666667,2100.0,1.455
batch-2-learning-23-regular-3,1800.0,0.724,0.112983333333,0.107033333333,1898.33333333,0.226,5.65166666667,1.05383333333,0.6575,3.03833333333,0.0018025,0.698166666667,1.21083333333,0.000706833333333,2.10666666667,52.6666666667,1.895,2100.0,1.46333333333
batch-1-learning-34-regular-1,1785.0,0.7215,0.11295,0.1063,1896.66666667,0.226,5.65166666667,1.0495,0.663166666667,2.93833333333,0.00179916666667,0.6895,1.27016666667,0.0007845,2.09666666667,52.4333333333,1.876,2100.0,1.44183333333
batch-5-learning-100-regular-3,1880.0,0.76,0.146633333333,0.111888888889,2462.22222222,0.293222222222,7.33111111111,1.38611111111,0.643333333333,5.88666666667,0.00244622222222,0.759888888889,0.959666666667,0.000583311111111,2.77444444444,69.3555555556,2.23333333333,2100.0,1.23411111111
batch-2-learning-34-regular-1,1865.0,0.7395,0.116933333333,0.11095,1963.33333333,0.233666666667,5.84333333333,1.093,0.687833333333,3.28666666667,0.00202316666667,0.663333333333,1.24766666667,0.0008145,2.18833333333,54.65,1.90516666667,2100.0,1.465
batch-4-learning-78-regular-5,1772.85714286,0.726714285714,0.123414285714,0.105671428571,2074.28571429,0.246857142857,6.17285714286,1.17314285714,0.627,4.45142857143,0.00214157142857,0.739857142857,1.14171428571,0.000633714285714,2.34571428571,58.6571428571,2.01928571429,2100.0,1.37242857143
batch-4-learning-78-regular-4,1778.57142857,0.729285714286,0.124357142857,0.105757142857,2091.14285714,0.248857142857,6.22571428571,1.174,0.621285714286,4.54,0.00230428571429,0.739142857143,1.19185714286,0.000741,2.35142857143,58.7285714286,2.02571428571,2100.0,1.37071428571
batch-4-learning-78-regular-3,1868.57142857,0.754285714286,0.128514285714,0.1112,2161.57142857,0.257285714286,6.43714285714,1.18014285714,0.644857142857,4.55714285714,0.00229714285714,0.720428571429,1.14557142857,0.000728285714286,2.36142857143,59.0428571429,2.05114285714,2100.0,1.37985714286
batch-1-learning-89-regular-3,1796.66666667,0.723666666667,0.11325,0.106866666667,1905.66666667,0.226833333333,5.66666666667,1.04916666667,0.666833333333,2.97666666667,0.00184033333333,0.688666666667,1.26583333333,0.000794,2.09333333333,52.35,1.87916666667,2100.0,1.44066666667
batch-4-learning-78-regular-1,1780.0,0.731571428571,0.123485714286,0.105914285714,2078.71428571,0.247428571429,6.18142857143,1.16971428571,0.621428571429,4.30714285714,0.00216457142857,0.736,1.10042857143,0.000681,2.33857142857,58.3857142857,2.016,2100.0,1.37157142857
batch-1-learning-89-regular-1,1936.66666667,0.76,0.1196,0.115,2013.5,0.239333333333,5.98666666667,1.07316666667,0.6785,3.00166666667,0.00188666666667,0.650666666667,1.244,0.000805333333333,2.14666666667,53.6666666667,1.89833333333,2100.0,1.44816666667
batch-1-learning-1-regular-3,1841.66666667,0.722333333333,0.116533333333,0.109666666667,1958.33333333,0.233,5.82166666667,1.08433333333,0.685833333333,3.08933333333,0.0017805,0.6545,1.28166666667,0.000757583333333,2.16833333333,54.2333333333,1.88466666667,2100.0,1.44733333333
batch-1-learning-1-regular-2,1913.33333333,0.753333333333,0.119683333333,0.113783333333,2012.0,0.239333333333,5.97833333333,1.05716666667,0.6845,2.975,0.0018485,0.656333333333,1.29216666667,0.0008405,2.11333333333,52.8833333333,1.89816666667,2100.0,1.44983333333
batch-1-learning-1-regular-1,1893.33333333,0.7355,0.11955,0.112466666667,2012.33333333,0.2395,5.98666666667,1.095,0.6825,3.37983333333,0.0018235,0.659666666667,1.40766666667,0.000734666666667,2.18833333333,54.7166666667,1.9,2100.0,1.4525
batch-1-learning-1-regular-5,1811.66666667,0.728333333333,0.113416666667,0.107716666667,1905.83333333,0.226666666667,5.665,1.06666666667,0.6845,2.99916666667,0.001851,0.675833333333,1.2295,0.0007605,2.13,53.2833333333,1.873,2100.0,1.444
batch-1-learning-1-regular-4,1941.66666667,0.76,0.120533333333,0.11565,2028.16666667,0.241166666667,6.03166666667,1.07983333333,0.687,2.86166666667,0.00162033333333,0.638,1.29033333333,0.000715333333333,2.15666666667,53.9166666667,1.9,2100.0,1.45083333333
batch-5-learning-100-regular-5,1832.22222222,0.745666666667,0.144433333333,0.108977777778,2429.33333333,0.288888888889,7.22777777778,1.33233333333,0.614,5.93222222222,0.00245688888889,0.782888888889,0.979666666667,0.000593,2.66777777778,66.6666666667,2.22877777778,2100.0,1.22933333333
batch-2-learning-34-regular-2,1858.33333333,0.722333333333,0.116616666667,0.110416666667,1956.66666667,0.233166666667,5.82333333333,1.08366666667,0.685166666667,3.12383333333,0.00182533333333,0.658833333333,1.25116666667,0.000765333333333,2.165,54.1,1.903,2100.0,1.46833333333
batch-5-learning-100-regular-4,1877.77777778,0.76,0.145288888889,0.111711111111,2444.44444444,0.290777777778,7.27111111111,1.37422222222,0.618444444444,6.24,0.00258,0.760333333333,0.951777777778,0.000575222222222,2.75,68.7555555556,2.22033333333,2100.0,1.23133333333
batch-1-learning-23-regular-2,1971.66666667,0.753833333333,0.123,0.117416666667,2063.33333333,0.2455,6.13833333333,1.08333333333,0.675833333333,3.0975,0.00180066666667,0.640333333333,1.27483333333,0.0007775,2.16666666667,54.15,1.90166666667,2100.0,1.4545
batch-1-learning-23-regular-3,1776.66666667,0.719166666667,0.111883333333,0.10555,1880.0,0.223666666667,5.58833333333,1.0585,0.671666666667,2.97216666667,0.00181233333333,0.679833333333,1.28733333333,0.0007765,2.11833333333,52.95,1.874,2100.0,1.442
batch-2-learning-34-regular-3,1961.66666667,0.76,0.120883333333,0.116066666667,2039.5,0.241833333333,6.04333333333,1.08266666667,0.656833333333,3.3745,0.0018275,0.671333333333,1.26733333333,0.000665666666667,2.16833333333,54.1666666667,1.91333333333,2100.0,1.4635
batch-1-learning-23-regular-1,1901.66666667,0.733666666667,0.119016666667,0.112916666667,2005.0,0.238166666667,5.955,1.086,0.6955,3.02933333333,0.0017975,0.639333333333,1.30916666667,0.000807833333333,2.17166666667,54.3,1.89666666667,2100.0,1.45
batch-2-learning-34-regular-5,1896.66666667,0.722666666667,0.116033333333,0.113066666667,1953.33333333,0.2325,5.80833333333,1.0575,0.681166666667,3.57583333333,0.00217016666667,0.687833333333,1.39866666667,0.000852,2.115,52.8833333333,1.92366666667,2100.0,1.46833333333
batch-2-learning-34-regular-4,1788.33333333,0.723166666667,0.11205,0.10645,1884.66666667,0.224166666667,5.605,1.0395,0.6515,3.08333333333,0.0019015,0.7,1.252,0.000776666666667,2.08,51.95,1.89483333333,2100.0,1.45833333333
batch-1-learning-23-regular-4,2004.0,0.76,0.12126,0.11902,2036.2,0.2422,6.058,1.0486,0.6842,2.868,0.0018986,0.6214,1.38,0.0009258,2.098,52.46,1.962,2100.0,1.576
batch-1-learning-23-regular-5,1908.33333333,0.753333333333,0.118816666667,0.11375,1999.16666667,0.237833333333,5.94333333333,1.07533333333,0.678666666667,2.975,0.00186683333333,0.6505,1.25316666667,0.000817166666667,2.14833333333,53.7,1.89333333333,2100.0,1.44916666667
batch-2-learning-12-regular-1,1940.0,0.76,0.120683333333,0.115116666667,2032.16666667,0.241166666667,6.03,1.09216666667,0.6785,3.045,0.0016855,0.658333333333,1.21733333333,0.000660666666667,2.18,54.5333333333,1.9115,2108.33333333,1.46783333333
batch-4-learning-56-regular-4,1950.0,0.76,0.133628571429,0.115942857143,2246.42857143,0.267142857143,6.67714285714,1.21585714286,0.641428571429,4.68714285714,0.00214114285714,0.702142857143,1.13971428571,0.000601,2.43428571429,60.8142857143,2.06714285714,2101.42857143,1.38814285714
batch-2-learning-12-regular-3,1911.66666667,0.752833333333,0.11955,0.113833333333,2006.0,0.238666666667,5.97,1.0765,0.689166666667,2.96333333333,0.00184716666667,0.652833333333,1.25866666667,0.000827333333333,2.155,53.85,1.90983333333,2100.0,1.4655
batch-2-learning-12-regular-2,1890.0,0.7465,0.118616666667,0.112416666667,1992.83333333,0.237,5.92666666667,1.0795,0.685666666667,3.07883333333,0.00192816666667,0.6615,1.26166666667,0.000822,2.16166666667,54.0333333333,1.91133333333,2100.0,1.465
batch-2-learning-12-regular-5,1853.33333333,0.7395,0.115566666667,0.11015,1944.83333333,0.2315,5.78,1.04633333333,0.656666666667,3.30333333333,0.002073,0.710666666667,1.21366666667,0.000791,2.09,52.25,1.90466666667,2100.0,1.4695
batch-2-learning-12-regular-4,1840.0,0.723,0.114683333333,0.109216666667,1926.66666667,0.229,5.72833333333,1.07,0.670833333333,3.03416666667,0.001761,0.661833333333,1.21316666667,0.000711633333333,2.14166666667,53.5,1.89266666667,2100.0,1.46166666667
batch-2-learning-78-regular-5,1923.33333333,0.739333333333,0.120533333333,0.1145,2023.33333333,0.241,6.02333333333,1.09066666667,0.683833333333,3.39816666667,0.00200583333333,0.664666666667,1.26266666667,0.000811166666667,2.18166666667,54.55,1.91616666667,2100.0,1.47
batch-4-learning-56-regular-3,1770.0,0.729142857143,0.123257142857,0.105485714286,2072.85714286,0.246714285714,6.16857142857,1.16928571429,0.631142857143,4.36428571429,0.002189,0.733428571429,1.15157142857,0.000703428571429,2.34142857143,58.5,2.019,2100.0,1.37071428571
batch-4-learning-12-regular-5,1775.71428571,0.729714285714,0.123857142857,0.105642857143,2084.28571429,0.248,6.20142857143,1.17985714286,0.635285714286,4.35714285714,0.002116,0.732285714286,1.13085714286,0.00065,2.35714285714,58.9285714286,2.02171428571,2100.0,1.37014285714
batch-4-learning-12-regular-4,1888.57142857,0.76,0.130028571429,0.112228571429,2187.85714286,0.260142857143,6.50142857143,1.18557142857,0.634428571429,4.53857142857,0.00225957142857,0.719142857143,1.13542857143,0.000711285714286,2.37,59.2285714286,2.05571428571,2100.0,1.37971428571
batch-4-learning-12-regular-3,1964.28571429,0.76,0.134942857143,0.116785714286,2269.0,0.269857142857,6.74428571429,1.17942857143,0.635428571429,4.67428571429,0.00225242857143,0.708857142857,1.15928571429,0.000729285714286,2.35857142857,58.9285714286,2.07285714286,2100.0,1.38471428571
batch-4-learning-12-regular-2,1788.57142857,0.734285714286,0.123814285714,0.1065,2080.85714286,0.247714285714,6.19142857143,1.166,0.617428571429,4.42714285714,0.002218,0.742142857143,1.10414285714,0.000675428571429,2.33285714286,58.3142857143,2.019,2100.0,1.37257142857
batch-4-learning-12-regular-1,1955.71428571,0.76,0.133542857143,0.1165,2245.71428571,0.267428571429,6.68142857143,1.21542857143,0.670571428571,4.37,0.00211842857143,0.687428571429,1.14114285714,0.000713428571429,2.43142857143,60.7428571429,2.05857142857,2100.0,1.385
batch-3-learning-34-regular-4,2060.0,0.76,0.123266666667,0.122516666667,2071.66666667,0.246333333333,6.15833333333,1.05916666667,0.692,3.28833333333,0.00194266666667,0.6475,1.30283333333,0.000838333333333,2.11833333333,52.95,1.9595,2100.0,1.48666666667
batch-3-learning-34-regular-5,1881.66666667,0.746333333333,0.11675,0.11195,1965.66666667,0.233833333333,5.845,1.06683333333,0.6665,3.22166666667,0.00203533333333,0.6745,1.23666666667,0.000814666666667,2.135,53.3833333333,1.93,2100.0,1.48166666667
batch-4-learning-45-regular-5,1928.57142857,0.76,0.132314285714,0.114771428571,2224.0,0.264571428571,6.61857142857,1.21514285714,0.671857142857,3.89857142857,0.00183571428571,0.701571428571,1.09628571429,0.0005704,2.42857142857,60.6714285714,2.04428571429,2100.0,1.38342857143
batch-4-learning-45-regular-4,1978.57142857,0.76,0.134228571429,0.117742857143,2254.71428571,0.268428571429,6.7,1.16785714286,0.669142857143,4.129,0.00205014285714,0.696857142857,1.17071428571,0.000733142857143,2.33285714286,58.3571428571,2.06,2100.0,1.38142857143
batch-4-learning-45-regular-3,1822.85714286,0.731571428571,0.1268,0.108414285714,2132.28571429,0.253571428571,6.34,1.198,0.628714285714,4.45442857143,0.00203657142857,0.705142857143,1.16385714286,0.000597571428571,2.39571428571,59.9285714286,2.02357142857,2100.0,1.37442857143
batch-3-learning-34-regular-1,1883.33333333,0.745333333333,0.11675,0.112066666667,1961.66666667,0.233666666667,5.84,1.0425,0.6595,3.12,0.001952,0.683,1.2415,0.0008165,2.08666666667,52.1666666667,1.93633333333,2100.0,1.485
batch-4-learning-45-regular-1,1912.85714286,0.76,0.1319,0.113828571429,2219.14285714,0.264142857143,6.60142857143,1.21714285714,0.636285714286,4.63428571429,0.002118,0.695428571429,1.162,0.000600428571429,2.43714285714,60.9285714286,2.06,2100.0,1.38542857143
batch-3-learning-34-regular-3,1980.0,0.76,0.122316666667,0.117766666667,2054.0,0.244666666667,6.11333333333,1.0825,0.660833333333,3.375,0.00183733333333,0.649,1.31116666667,0.000690833333333,2.165,54.1,1.94833333333,2100.0,1.49
batch-3-learning-12-regular-1,1921.66666667,0.741833333333,0.120366666667,0.114233333333,2026.0,0.240833333333,6.02333333333,1.08966666667,0.659,3.33733333333,0.00182083333333,0.664,1.28466666667,0.000678666666667,2.18,54.5,1.94,2101.66666667,1.48666666667
batch-4-learning-89-regular-5,1832.85714286,0.729714285714,0.128142857143,0.109028571429,2154.28571429,0.256571428571,6.40428571429,1.17828571429,0.647714285714,4.43542857143,0.002129,0.712142857143,1.12,0.000683428571429,2.35714285714,58.8714285714,2.04142857143,2100.0,1.37157142857
batch-4-learning-89-regular-4,1955.71428571,0.76,0.134714285714,0.116285714286,2262.71428571,0.269285714286,6.73142857143,1.177,0.642857142857,4.56714285714,0.00218642857143,0.699571428571,1.15385714286,0.000726428571429,2.35714285714,58.9428571429,2.06971428571,2100.0,1.385
batch-4-learning-89-regular-3,1955.71428571,0.76,0.134714285714,0.116328571429,2263.71428571,0.269142857143,6.73142857143,1.22414285714,0.646428571429,4.57142857143,0.00204185714286,0.700142857143,1.13357142857,0.000575,2.44857142857,61.2,2.06428571429,2100.0,1.38585714286
batch-4-learning-89-regular-2,1761.42857143,0.727428571429,0.123171428571,0.104971428571,2070.42857143,0.246571428571,6.15714285714,1.17985714286,0.628,4.35428571429,0.00217257142857,0.732,1.11985714286,0.000689142857143,2.35714285714,58.9428571429,2.02357142857,2100.0,1.37057142857
batch-4-learning-89-regular-1,1914.28571429,0.76,0.131471428571,0.1139,2208.85714286,0.262714285714,6.56714285714,1.18471428571,0.635714285714,4.64857142857,0.00230528571429,0.721285714286,1.16414285714,0.000730571428571,2.36571428571,59.1571428571,2.06857142857,2100.0,1.38614285714
batch-5-learning-12-regular-1,1853.33333333,0.750222222222,0.1446,0.1097,2446.66666667,0.289,7.22444444444,1.37044444444,0.639444444444,5.81477777778,0.002381,0.753,0.951777777778,0.000572411111111,2.74333333333,68.5888888889,2.23822222222,2110.0,1.23488888889
batch-2-learning-56-regular-1,1931.66666667,0.76,0.119233333333,0.1146,2012.33333333,0.238666666667,5.96666666667,1.08216666667,0.673,3.335,0.001855,0.663666666667,1.24566666667,0.000676166666667,2.16166666667,54.0666666667,1.91266666667,2105.0,1.47033333333
batch-2-learning-1-regular-3,1888.33333333,0.745666666667,0.11755,0.112333333333,1978.33333333,0.2355,5.88166666667,1.09216666667,0.683166666667,3.115,0.00192083333333,0.654666666667,1.23283333333,0.000805666666667,2.18333333333,54.6,1.89716666667,2100.0,1.46133333333
batch-3-learning-89-regular-1,1933.33333333,0.76,0.119466666667,0.115233333333,2006.16666667,0.238833333333,5.97,1.06816666667,0.67,3.31833333333,0.00208166666667,0.671833333333,1.2405,0.000814666666667,2.13833333333,53.4333333333,1.93666666667,2100.0,1.48666666667
batch-3-learning-89-regular-2,1938.33333333,0.76,0.120316666667,0.115366666667,2022.33333333,0.240666666667,6.01666666667,1.07316666667,0.6525,3.355,0.00204266666667,0.671666666667,1.2555,0.0007975,2.14333333333,53.6333333333,1.94666666667,2100.0,1.49166666667
batch-3-learning-89-regular-3,1933.33333333,0.76,0.119483333333,0.114933333333,2010.66666667,0.239,5.97666666667,1.04883333333,0.658333333333,3.37166666667,0.0020895,0.678333333333,1.2455,0.000819166666667,2.09833333333,52.4833333333,1.94633333333,2100.0,1.48666666667
batch-3-learning-89-regular-4,1948.33333333,0.76,0.1201,0.115216666667,2028.16666667,0.240166666667,6.00166666667,1.08533333333,0.654666666667,3.36833333333,0.0018515,0.659666666667,1.25283333333,0.000664666666667,2.17166666667,54.2833333333,1.94,2108.33333333,1.49
batch-2-learning-56-regular-3,1961.66666667,0.76,0.121816666667,0.1159,2062.16666667,0.243666666667,6.08666666667,1.08766666667,0.670833333333,3.38,0.00183616666667,0.656,1.293,0.000680333333333,2.17333333333,54.35,1.92666666667,2111.66666667,1.47433333333
batch-5-learning-89-regular-2,1826.66666667,0.746222222222,0.143588888889,0.1086,2415.55555556,0.287444444444,7.19666666667,1.34733333333,0.607333333333,6.24555555556,0.00257466666667,0.772666666667,0.957666666667,0.000583555555556,2.69111111111,67.2888888889,2.22555555556,2100.0,1.23144444444
batch-5-learning-89-regular-3,1774.44444444,0.736444444444,0.140288888889,0.105555555556,2359.77777778,0.280666666667,7.02,1.36644444444,0.603,6.034,0.00238711111111,0.763222222222,0.938333333333,0.000479666666667,2.73444444444,68.3555555556,2.19533333333,2100.0,1.22866666667
batch-5-learning-89-regular-1,1784.44444444,0.736333333333,0.141577777778,0.106177777778,2380.0,0.283,7.07333333333,1.36877777778,0.614888888889,6.17688888889,0.00252577777778,0.764555555556,0.963444444444,0.000566777777778,2.74,68.5,2.21144444444,2100.0,1.22677777778
batch-5-learning-89-regular-4,1821.11111111,0.745555555556,0.143522222222,0.108311111111,2409.88888889,0.286666666667,7.16666666667,1.34411111111,0.602444444444,6.14788888889,0.00252233333333,0.774666666667,0.962777777778,0.000585111111111,2.69,67.2444444444,2.223,2100.0,1.23088888889
batch-5-learning-89-regular-5,1885.55555556,0.747222222222,0.144177777778,0.112177777778,2423.55555556,0.288444444444,7.21111111111,1.325,0.600777777778,6.11711111111,0.00239588888889,0.766555555556,0.942,0.000472666666667,2.65,66.2111111111,2.21888888889,2100.0,1.23288888889
batch-3-learning-100-regular-3,1883.33333333,0.746333333333,0.117316666667,0.1121,1974.5,0.234833333333,5.87333333333,1.056,0.676166666667,2.98333333333,0.00184766666667,0.674833333333,1.25016666667,0.000794666666667,2.11,52.75,1.93916666667,2100.0,1.48666666667
batch-3-learning-100-regular-2,1936.66666667,0.76,0.119933333333,0.115233333333,2016.0,0.239666666667,5.99333333333,1.072,0.682333333333,3.04166666667,0.00191916666667,0.655833333333,1.2555,0.000823166666667,2.14333333333,53.6,1.94583333333,2100.0,1.485
batch-3-learning-100-regular-1,1926.66666667,0.76,0.118733333333,0.11405,2004.16666667,0.2375,5.93833333333,1.08183333333,0.687833333333,3.12166666667,0.00174333333333,0.645833333333,1.33233333333,0.000711666666667,2.16333333333,54.0833333333,1.935,2103.33333333,1.48333333333
batch-3-learning-100-regular-5,1853.33333333,0.726333333333,0.115683333333,0.110366666667,1947.16666667,0.231333333333,5.78666666667,1.06733333333,0.685166666667,3.06366666667,0.00164116666667,0.652166666667,1.277,0.000645,2.13333333333,53.3666666667,1.925,2100.0,1.48
batch-3-learning-100-regular-4,1936.66666667,0.76,0.1193,0.115416666667,2007.16666667,0.238833333333,5.96666666667,1.06633333333,0.672166666667,3.10166666667,0.001967,0.664833333333,1.24383333333,0.000819666666667,2.13166666667,53.3333333333,1.945,2100.0,1.49166666667
batch-3-learning-23-regular-4,1781.66666667,0.721,0.11185,0.105933333333,1880.5,0.223833333333,5.59166666667,1.06516666667,0.680333333333,2.91266666667,0.00181366666667,0.6635,1.24783333333,0.000775216666667,2.13333333333,53.2833333333,1.9135,2100.0,1.47333333333
batch-3-learning-23-regular-5,1870.0,0.730333333333,0.118,0.1111,1981.0,0.235666666667,5.89333333333,1.08216666667,0.677166666667,3.08583333333,0.0017555,0.6515,1.29833333333,0.000743166666667,2.16666666667,54.1166666667,1.935,2100.0,1.48166666667
batch-3-learning-23-regular-1,1841.66666667,0.722333333333,0.1148,0.109483333333,1935.0,0.230166666667,5.75166666667,1.07133333333,0.674333333333,2.88933333333,0.00168116666667,0.6465,1.2395,0.000730333333333,2.14166666667,53.5833333333,1.91733333333,2100.0,1.47
batch-3-learning-23-regular-2,1933.33333333,0.76,0.1194,0.114916666667,2012.33333333,0.239166666667,5.975,1.08183333333,0.675833333333,2.975,0.0016685,0.649666666667,1.24583333333,0.000682666666667,2.16833333333,54.1666666667,1.93816666667,2105.0,1.48833333333
batch-3-learning-23-regular-3,1851.66666667,0.739166666667,0.11485,0.11005,1926.0,0.229333333333,5.735,1.0415,0.6645,2.97666666667,0.00189816666667,0.690833333333,1.2365,0.0008025,2.085,52.1,1.923,2100.0,1.48166666667
batch-2-learning-56-regular-5,1988.33333333,0.753833333333,0.124533333333,0.118183333333,2090.66666667,0.248666666667,6.21833333333,1.09166666667,0.667,3.43,0.00189766666667,0.658333333333,1.25,0.000723666666667,2.18166666667,54.55,1.925,2100.0,1.47033333333
batch-4-learning-56-regular-1,1947.14285714,0.76,0.133857142857,0.115771428571,2250.42857143,0.267714285714,6.69714285714,1.17671428571,0.636571428571,4.69142857143,0.00228114285714,0.716285714286,1.12642857143,0.000712714285714,2.35285714286,58.8428571429,2.07542857143,2100.0,1.38628571429
batch-1-learning-100-regular-1,1788.33333333,0.721666666667,0.112766666667,0.1063,1898.0,0.225833333333,5.645,1.07383333333,0.681666666667,2.86183333333,0.00176083333333,0.6565,1.25033333333,0.0007725,2.14666666667,53.6333333333,1.87583333333,2100.0,1.44366666667
batch-1-learning-100-regular-3,1806.66666667,0.7225,0.114,0.107516666667,1918.66666667,0.228166666667,5.70333333333,1.074,0.681833333333,2.994,0.00179,0.670333333333,1.24916666667,0.00074385,2.14833333333,53.6666666667,1.875,2100.0,1.44333333333
batch-1-learning-100-regular-2,1933.33333333,0.76,0.1198,0.115133333333,2012.5,0.239666666667,5.99,1.06816666667,0.668333333333,3.10666666667,0.00194583333333,0.6585,1.28766666667,0.000834666666667,2.14,53.4666666667,1.896,2101.66666667,1.45283333333
batch-1-learning-100-regular-5,2078.0,0.76,0.1264,0.12352,2123.4,0.2528,6.318,1.075,0.6864,3.032,0.001651,0.6116,1.3998,0.0007378,2.154,53.82,1.972,2100.0,1.582
batch-1-learning-100-regular-4,1793.33333333,0.723166666667,0.1131,0.106783333333,1897.66666667,0.225666666667,5.64166666667,1.064,0.661333333333,2.93833333333,0.00168366666667,0.678666666667,1.228,0.000674,2.12833333333,53.2166666667,1.8745,2100.0,1.44283333333
batch-2-learning-89-regular-5,2015.0,0.76,0.125566666667,0.12005,2109.16666667,0.2505,6.27,1.09416666667,0.666666666667,3.48833333333,0.00184166666667,0.666166666667,1.27283333333,0.000654166666667,2.19,54.7,1.93333333333,2100.0,1.47716666667
batch-2-learning-89-regular-4,2011.66666667,0.76,0.125566666667,0.1196,2111.66666667,0.251166666667,6.27833333333,1.09433333333,0.6865,3.46666666667,0.00197816666667,0.6555,1.25733333333,0.000785,2.18666666667,54.7166666667,1.93166666667,2100.0,1.47516666667
batch-5-learning-12-regular-4,1847.77777778,0.747333333333,0.1456,0.110011111111,2447.55555556,0.291444444444,7.28555555556,1.37066666667,0.607555555556,6.24811111111,0.002435,0.767444444444,0.965222222222,0.0004853,2.74222222222,68.5111111111,2.22555555556,2100.0,1.23233333333
batch-2-learning-78-regular-2,2016.66666667,0.76,0.126433333333,0.120033333333,2124.0,0.252833333333,6.32166666667,1.098,0.6665,3.53333333333,0.0019145,0.663,1.267,0.000705,2.195,54.8333333333,1.94,2100.0,1.47383333333
batch-2-learning-89-regular-1,1858.33333333,0.7395,0.116316666667,0.110566666667,1956.0,0.232666666667,5.81666666667,1.056,0.664833333333,3.35,0.002065,0.705833333333,1.29,0.0008095,2.11,52.7833333333,1.903,2100.0,1.4645
batch-2-learning-78-regular-4,1848.33333333,0.724833333333,0.116766666667,0.11015,1963.33333333,0.2335,5.83833333333,1.09216666667,0.685333333333,3.2065,0.00189366666667,0.6635,1.26216666667,0.000777333333333,2.18333333333,54.55,1.9125,2100.0,1.47166666667
batch-2-learning-89-regular-3,1800.0,0.724833333333,0.112616666667,0.10715,1891.83333333,0.225,5.63,1.038,0.643,3.23666666667,0.00201033333333,0.708333333333,1.21316666667,0.000759166666667,2.075,51.85,1.89633333333,2100.0,1.46166666667
batch-2-learning-89-regular-2,1931.66666667,0.76,0.118766666667,0.115083333333,1997.0,0.237666666667,5.94,1.06616666667,0.662666666667,3.73333333333,0.002166,0.660833333333,1.679,0.000970333333333,2.13666666667,53.3666666667,1.9045,2100.0,1.46633333333
batch-3-learning-12-regular-3,1816.66666667,0.718666666667,0.107683333333,0.1007,1917.16666667,0.215166666667,5.37666666667,1.06816666667,0.670166666667,2.96633333333,0.001786,0.664666666667,1.25083333333,0.000744716666667,2.13,53.35,1.93,2263.33333333,1.47
batch-2-learning-56-regular-4,1816.66666667,0.732166666667,0.113466666667,0.10815,1907.5,0.227,5.68166666667,1.03816666667,0.646,3.14,0.00196266666667,0.7055,1.22616666667,0.000778166666667,2.08,52.0,1.89516666667,2100.0,1.46166666667
batch-2-learning-78-regular-1,1895.0,0.746333333333,0.11775,0.112066666667,2004.83333333,0.235833333333,5.89333333333,1.071,0.663333333333,3.25833333333,0.0019875,0.674166666667,1.23033333333,0.000807333333333,2.13833333333,53.4666666667,1.9215,2116.66666667,1.46666666667
batch-2-learning-100-regular-2,1950.0,0.76,0.12105,0.1155,2052.5,0.242166666667,6.06,1.063,0.663666666667,3.35833333333,0.0020155,0.669,1.24333333333,0.000805333333333,2.125,53.15,1.925,2111.66666667,1.4705
batch-2-learning-100-regular-3,1860.0,0.720666666667,0.1176,0.1108,1976.66666667,0.235333333333,5.88166666667,1.09133333333,0.6935,2.97016666667,0.00171433333333,0.646666666667,1.267,0.0007563,2.18166666667,54.5833333333,1.90716666667,2100.0,1.47
batch-2-learning-100-regular-4,1831.66666667,0.732166666667,0.115366666667,0.108833333333,1940.0,0.230666666667,5.77,1.09283333333,0.685833333333,3.21433333333,0.00199566666667,0.665333333333,1.22616666667,0.000792166666667,2.18833333333,54.6833333333,1.90366666667,2100.0,1.46
batch-2-learning-100-regular-5,1998.33333333,0.76,0.123766666667,0.118716666667,2081.66666667,0.247666666667,6.19333333333,1.08933333333,0.679666666667,3.365,0.00197716666667,0.651166666667,1.29116666667,0.000830333333333,2.18,54.45,1.92166666667,2100.0,1.473
batch-5-learning-34-regular-2,1784.44444444,0.735444444444,0.141866666667,0.106088888889,2384.0,0.283555555556,7.09222222222,1.34933333333,0.636888888889,5.78611111111,0.00238655555556,0.766777777778,0.948,0.000550877777778,2.69777777778,67.4333333333,2.21277777778,2100.0,1.22755555556
batch-5-learning-34-regular-3,1787.77777778,0.732111111111,0.141188888889,0.106311111111,2374.44444444,0.282444444444,7.05111111111,1.329,0.601666666667,6.03555555556,0.002411,0.781222222222,0.943,0.000529666666667,2.65777777778,66.4444444444,2.20244444444,2100.0,1.22644444444
batch-4-learning-34-regular-5,1952.85714286,0.76,0.133928571429,0.116057142857,2252.85714286,0.268,6.69857142857,1.21657142857,0.666142857143,4.56142857143,0.00217557142857,0.693571428571,1.11914285714,0.000695571428571,2.43428571429,60.8,2.06857142857,2100.0,1.38428571429
batch-4-learning-34-regular-4,2017.14285714,0.76,0.138142857143,0.116842857143,2359.71428571,0.276285714286,6.90571428571,1.248,0.666,4.96271428571,0.002272,0.692142857143,1.17242857143,0.000715571428571,2.49571428571,62.3714285714,2.12428571429,2152.85714286,1.40214285714
batch-4-learning-34-regular-3,1958.57142857,0.76,0.133185714286,0.116314285714,2240.14285714,0.266428571429,6.65714285714,1.16642857143,0.645285714286,4.67428571429,0.00227928571429,0.713857142857,1.15485714286,0.000731714285714,2.32857142857,58.2571428571,2.06714285714,2100.0,1.386
batch-4-learning-34-regular-2,1782.85714286,0.727571428571,0.125442857143,0.106214285714,2108.57142857,0.251142857143,6.27714285714,1.20242857143,0.647857142857,4.43857142857,0.002195,0.728285714286,1.12985714286,0.000683714285714,2.40571428571,60.1142857143,2.01971428571,2100.0,1.36714285714
batch-4-learning-34-regular-1,1951.42857143,0.76,0.134357142857,0.116214285714,2259.0,0.269,6.71857142857,1.178,0.629857142857,4.73428571429,0.00224928571429,0.706285714286,1.16114285714,0.000713285714286,2.35571428571,58.9,2.07142857143,2100.0,1.38571428571
batch-5-learning-34-regular-5,3610.0,0.76,0.280111111111,0.214111111111,4721.11111111,0.560333333333,14.0066666667,1.33888888889,0.599777777778,10.1044444444,0.00216988888889,0.699777777778,3.00766666667,0.000682,2.67777777778,66.9555555556,3.0,2103.33333333,1.34055555556
batch-5-learning-12-regular-5,1787.77777778,0.734444444444,0.142288888889,0.106266666667,2391.77777778,0.284666666667,7.10888888889,1.349,0.600888888889,6.09666666667,0.00245233333333,0.765444444444,0.964222222222,0.000560811111111,2.69777777778,67.4111111111,2.21055555556,2100.0,1.22511111111
batch-3-learning-34-regular-2,1940.0,0.76,0.119233333333,0.115366666667,2002.33333333,0.238,5.955,1.07716666667,0.683,3.00333333333,0.00167166666667,0.649666666667,1.26016666667,0.000676333333333,2.155,53.9166666667,1.93833333333,2100.0,1.48833333333
batch-3-learning-78-regular-5,1940.0,0.76,0.120116666667,0.1154,2016.5,0.239833333333,6.0,1.07516666667,0.658833333333,3.30833333333,0.00187116666667,0.655833333333,1.30033333333,0.000717166666667,2.15333333333,53.8166666667,1.93816666667,2100.0,1.48666666667
batch-5-learning-12-regular-2,1766.66666667,0.731777777778,0.139877777778,0.1051,2353.33333333,0.28,6.99666666667,1.375,0.633555555556,5.69666666667,0.00229233333333,0.752222222222,0.961,0.000529622222222,2.75111111111,68.7666666667,2.18833333333,2100.0,1.22266666667
batch-5-learning-67-regular-4,1771.11111111,0.732444444444,0.140288888889,0.105355555556,2355.44444444,0.280222222222,7.00444444444,1.32211111111,0.618666666667,5.67222222222,0.00230877777778,0.779222222222,0.973,0.000549444444444,2.64222222222,66.0555555556,2.19733333333,2100.0,1.22422222222
batch-5-learning-67-regular-5,1842.22222222,0.742555555556,0.144922222222,0.109477777778,2438.44444444,0.29,7.24444444444,1.35566666667,0.603555555556,6.25466666667,0.00241288888889,0.764222222222,0.987666666667,0.000488877777778,2.71,67.7777777778,2.22111111111,2100.0,1.23444444444
batch-5-learning-67-regular-2,1845.55555556,0.734444444444,0.144288888889,0.109844444444,2423.55555556,0.288222222222,7.22,1.32044444444,0.612444444444,5.88777777778,0.00235644444444,0.774888888889,0.996333333333,0.000563188888889,2.64,66.0,2.23244444444,2100.0,1.22944444444
batch-5-learning-67-regular-3,1834.44444444,0.745666666667,0.143155555556,0.108311111111,2432.77777778,0.286444444444,7.15666666667,1.34466666667,0.626888888889,5.87944444444,0.00240466666667,0.766777777778,0.968888888889,0.000577055555556,2.69111111111,67.2444444444,2.23633333333,2116.66666667,1.23411111111
batch-5-learning-12-regular-3,1785.55555556,0.737333333333,0.141855555556,0.106177777778,2383.33333333,0.283444444444,7.09,1.37866666667,0.626222222222,5.76211111111,0.00237877777778,0.760888888889,0.948111111111,0.000552877777778,2.76,68.9444444444,2.20977777778,2100.0,1.22855555556
batch-4-learning-1-regular-1,1910.0,0.76,0.131042857143,0.113657142857,2201.57142857,0.261857142857,6.55285714286,1.18685714286,0.639571428571,4.56857142857,0.00228114285714,0.705714285714,1.149,0.000738714285714,2.37571428571,59.3571428571,2.057,2100.0,1.38271428571
batch-4-learning-1-regular-2,1798.57142857,0.736142857143,0.125242857143,0.106985714286,2103.42857143,0.249857142857,6.25428571429,1.193,0.637,4.39528571429,0.00220614285714,0.711428571429,1.11328571429,0.000701857142857,2.38428571429,59.6571428571,2.03114285714,2100.0,1.371
batch-4-learning-1-regular-3,1784.28571429,0.726857142857,0.1241,0.106214285714,2085.85714286,0.248428571429,6.20428571429,1.16528571429,0.626571428571,4.29714285714,0.00211071428571,0.735142857143,1.09314285714,0.000638714285714,2.33,58.2714285714,2.02542857143,2100.0,1.37171428571
batch-4-learning-1-regular-4,1832.85714286,0.729714285714,0.127085714286,0.1089,2132.57142857,0.253857142857,6.35142857143,1.16242857143,0.646142857143,4.46471428571,0.00216128571429,0.713,1.14342857143,0.000690571428571,2.32285714286,58.1,2.038,2100.0,1.37514285714
batch-4-learning-1-regular-5,1818.57142857,0.730714285714,0.126928571429,0.108185714286,2132.14285714,0.253857142857,6.34428571429,1.20642857143,0.645428571429,4.38757142857,0.00201585714286,0.703714285714,1.10614285714,0.000573428571429,2.41142857143,60.2285714286,2.02842857143,2100.0,1.36942857143
batch-2-learning-1-regular-2,1863.33333333,0.722833333333,0.118083333333,0.110833333333,1985.0,0.236,5.90166666667,1.0905,0.6805,3.24966666667,0.00188433333333,0.662166666667,1.271,0.000779333333333,2.18,54.5333333333,1.9135,2100.0,1.47
batch-3-learning-56-regular-1,1930.0,0.76,0.1189,0.114966666667,1996.66666667,0.237666666667,5.94166666667,1.077,0.678666666667,3.58333333333,0.00225766666667,0.6755,1.35583333333,0.000895,2.15333333333,53.8166666667,1.937,2100.0,1.48666666667
batch-3-learning-56-regular-2,2008.33333333,0.76,0.124716666667,0.119366666667,2096.5,0.249666666667,6.24,1.09266666667,0.667166666667,3.435,0.00185983333333,0.6625,1.26933333333,0.000682333333333,2.185,54.6166666667,1.96,2100.0,1.495
batch-3-learning-56-regular-3,1955.0,0.745666666667,0.12235,0.116266666667,2053.33333333,0.244333333333,6.11333333333,1.0915,0.684666666667,3.43283333333,0.00202083333333,0.668833333333,1.24383333333,0.000795166666667,2.18166666667,54.5333333333,1.96016666667,2100.0,1.49166666667
batch-3-learning-56-regular-4,1935.0,0.76,0.1189,0.115283333333,2003.16666667,0.2385,5.955,1.06716666667,0.679166666667,3.06,0.00193133333333,0.661666666667,1.23,0.0008045,2.13333333333,53.3333333333,1.94,2100.0,1.48833333333
batch-3-learning-56-regular-5,1955.0,0.76,0.121066666667,0.115766666667,2037.33333333,0.241833333333,6.045,1.08866666667,0.666,3.34,0.00181666666667,0.650666666667,1.27333333333,0.000673,2.18,54.5,1.94333333333,2100.0,1.49
batch-2-learning-1-regular-4,1793.33333333,0.724666666667,0.11225,0.106783333333,1886.16666667,0.224666666667,5.61833333333,1.03783333333,0.658166666667,3.32666666667,0.0020755,0.7025,1.33983333333,0.000843,2.07666666667,51.95,1.8965,2100.0,1.46333333333
batch-2-learning-1-regular-5,1836.66666667,0.721333333333,0.11485,0.1093,1931.5,0.2295,5.74166666667,1.06466666667,0.653833333333,3.10433333333,0.0016695,0.6615,1.28316666667,0.000636983333333,2.12833333333,53.25,1.894,2100.0,1.46666666667
batch-3-learning-12-regular-4,1795.0,0.7205,0.111383333333,0.106666666667,1870.0,0.2225,5.565,1.06833333333,0.6705,3.062,0.00186133333333,0.663666666667,1.24533333333,0.000749833333333,2.135,53.3833333333,1.90533333333,2100.0,1.47166666667
batch-3-learning-12-regular-5,1980.0,0.754,0.122833333333,0.11765,2062.5,0.2455,6.14,1.08833333333,0.655666666667,3.385,0.001835,0.6665,1.2405,0.000654833333333,2.17833333333,54.4333333333,1.94833333333,2100.0,1.49166666667
batch-1-learning-12-regular-2,1930.0,0.753333333333,0.1205,0.114883333333,2026.66666667,0.241166666667,6.02833333333,1.09966666667,0.700166666667,3.14166666667,0.00193516666667,0.659,1.231,0.000797833333333,2.195,54.9,1.89216666667,2100.0,1.45133333333
batch-1-learning-12-regular-3,1928.33333333,0.740833333333,0.121716666667,0.114633333333,2048.83333333,0.243666666667,6.09333333333,1.09016666667,0.667166666667,3.1495,0.00184283333333,0.656,1.27316666667,0.000781,2.17666666667,54.45,1.905,2100.0,1.4505
batch-1-learning-12-regular-1,1948.33333333,0.76,0.120883333333,0.115333333333,2037.66666667,0.242,6.04666666667,1.09466666667,0.680833333333,3.15,0.001714,0.650833333333,1.27116666667,0.000673833333333,2.18833333333,54.7333333333,1.90166666667,2106.66666667,1.44883333333
batch-1-learning-12-regular-4,2000.0,0.76,0.124266666667,0.118866666667,2086.66666667,0.248166666667,6.20333333333,1.0925,0.705333333333,3.05166666667,0.001809,0.635833333333,1.285,0.000821,2.185,54.65,1.91116666667,2100.0,1.46383333333
batch-1-learning-12-regular-5,1843.33333333,0.720833333333,0.1152,0.1098,1940.0,0.231,5.77,1.08083333333,0.696,3.0445,0.00176966666667,0.653833333333,1.27266666667,0.00075,2.16333333333,54.0666666667,1.883,2100.0,1.45166666667
batch-1-learning-56-regular-2,1998.0,0.76,0.12118,0.11874,2037.4,0.2424,6.068,1.0294,0.6992,2.946,0.0019412,0.6382,1.4342,0.0009618,2.056,51.4,1.954,2102.0,1.574
batch-1-learning-56-regular-3,1948.33333333,0.76,0.121883333333,0.116033333333,2046.66666667,0.2435,6.09166666667,1.08333333333,0.676333333333,3.05666666667,0.00185916666667,0.656,1.2895,0.000816666666667,2.16333333333,54.15,1.90166666667,2100.0,1.4505
batch-1-learning-56-regular-1,1935.0,0.76,0.120066666667,0.115016666667,2016.66666667,0.24,6.00166666667,1.09016666667,0.703666666667,3.195,0.0020205,0.657833333333,1.32266666667,0.000868,2.18,54.5,1.89133333333,2100.0,1.44533333333
batch-2-learning-1-regular-1,1918.33333333,0.753333333333,0.119583333333,0.114166666667,2007.33333333,0.239,5.975,1.079,0.665666666667,3.28333333333,0.00201583333333,0.673833333333,1.20833333333,0.000789666666667,2.15666666667,53.9166666667,1.91016666667,2100.0,1.466
batch-1-learning-56-regular-4,1938.33333333,0.76,0.12025,0.115166666667,2021.83333333,0.2405,6.01333333333,1.07616666667,0.674166666667,3.115,0.00195766666667,0.653166666667,1.30516666667,0.0008475,2.15166666667,53.8,1.89833333333,2100.0,1.45
batch-1-learning-56-regular-5,1915.0,0.739166666667,0.121166666667,0.113966666667,2036.33333333,0.242166666667,6.055,1.09633333333,0.670166666667,3.14866666667,0.00168983333333,0.653333333333,1.301,0.000677333333333,2.18666666667,54.7166666667,1.90333333333,2100.0,1.45416666667
batch-1-learning-78-regular-4,1938.33333333,0.76,0.119633333333,0.115333333333,2011.66666667,0.239,5.98,1.06966666667,0.6845,2.98833333333,0.00187166666667,0.645666666667,1.2715,0.000827833333333,2.14166666667,53.5166666667,1.89333333333,2100.0,1.45166666667
batch-1-learning-78-regular-5,1980.0,0.752833333333,0.123683333333,0.117666666667,2080.0,0.2475,6.19,1.09833333333,0.702833333333,3.18,0.0018815,0.643166666667,1.29266666667,0.000819166666667,2.19333333333,54.8666666667,1.90633333333,2100.0,1.4595
batch-1-learning-78-regular-2,1920.0,0.740333333333,0.121166666667,0.11435,2038.33333333,0.242333333333,6.05833333333,1.0945,0.709,2.977,0.00178966666667,0.635833333333,1.29066666667,0.000825333333333,2.19,54.75,1.902,2100.0,1.45316666667
batch-1-learning-78-regular-3,1931.66666667,0.76,0.1197,0.1148,2012.16666667,0.239333333333,5.975,1.05416666667,0.677166666667,3.04166666667,0.0019075,0.668666666667,1.27983333333,0.000830333333333,2.11,52.7166666667,1.89666666667,2100.0,1.45083333333
batch-1-learning-78-regular-1,1856.66666667,0.747,0.117366666667,0.1104,1969.16666667,0.234166666667,5.86166666667,1.07966666667,0.675333333333,3.069,0.00194016666667,0.661833333333,1.25316666667,0.000815166666667,2.16166666667,54.05,1.88983333333,2100.0,1.44516666667
batch-1-learning-45-regular-5,2010.0,0.76,0.12046,0.11974,2026.0,0.2412,6.036,1.0178,0.6722,2.764,0.0018076,0.628,1.3486,0.0008982,2.038,50.92,1.96,2102.0,1.578
batch-2-learning-56-regular-2,1785.0,0.721833333333,0.112433333333,0.106166666667,1892.66666667,0.225,5.63,1.04516666667,0.658666666667,3.12666666667,0.00193666666667,0.704333333333,1.24166666667,0.000779666666667,2.09166666667,52.25,1.8945,2100.0,1.45833333333
batch-1-learning-45-regular-4,1771.66666667,0.719,0.111233333333,0.105416666667,1870.66666667,0.222666666667,5.56,1.03766666667,0.673333333333,2.77666666667,0.0016965,0.688,1.194,0.000723166666667,2.075,51.8666666667,1.87033333333,2100.0,1.43933333333
batch-5-learning-56-regular-5,1880.0,0.76,0.146633333333,0.111844444444,2463.33333333,0.293222222222,7.33222222222,1.33744444444,0.614222222222,6.21222222222,0.00253222222222,0.772888888889,0.949444444444,0.000576288888889,2.67444444444,66.8444444444,2.23544444444,2100.0,1.233
batch-1-learning-45-regular-2,2072.0,0.76,0.1263,0.12326,2125.2,0.253,6.328,1.0802,0.6796,3.038,0.0016942,0.6234,1.3526,0.0007268,2.16,53.94,1.972,2100.0,1.582
batch-5-learning-56-regular-3,1885.55555556,0.76,0.146766666667,0.111888888889,2473.66666667,0.293666666667,7.34222222222,1.359,0.612888888889,6.24333333333,0.00241444444444,0.764111111111,0.930333333333,0.000474188888889,2.71888888889,67.9666666667,2.23677777778,2105.55555556,1.23522222222
batch-5-learning-56-regular-1,1880.0,0.76,0.146288888889,0.111911111111,2459.66666667,0.292777777778,7.31444444444,1.34833333333,0.617,6.34333333333,0.002639,0.767666666667,1.00877777778,0.0006263,2.69888888889,67.4666666667,2.23733333333,2100.0,1.23655555556
batch-2-learning-67-regular-5,1810.0,0.722333333333,0.11305,0.10785,1899.5,0.225666666667,5.64166666667,1.0435,0.648333333333,3.11833333333,0.001801,0.692833333333,1.27,0.000697666666667,2.085,52.15,1.9,2100.0,1.465
batch-2-learning-67-regular-4,2003.33333333,0.754,0.126116666667,0.119133333333,2122.66666667,0.2525,6.31,1.09883333333,0.677166666667,3.45,0.00187166666667,0.652333333333,1.28816666667,0.000727333333333,2.19666666667,54.9,1.93166666667,2100.0,1.47383333333
batch-2-learning-67-regular-1,1915.0,0.753333333333,0.117566666667,0.113833333333,1978.5,0.235333333333,5.88333333333,1.06533333333,0.657,3.27333333333,0.001886,0.675833333333,1.2155,0.000684833333333,2.12833333333,53.2333333333,1.9035,2100.0,1.46316666667
batch-2-learning-67-regular-3,1766.66666667,0.715333333333,0.1088,0.10515,1828.33333333,0.2175,5.43833333333,1.013,0.646333333333,2.94333333333,0.001759,0.694666666667,1.247,0.0007085,2.02833333333,50.6833333333,1.8735,2100.0,1.45283333333
batch-2-learning-67-regular-2,1935.0,0.76,0.12075,0.115183333333,2024.33333333,0.241166666667,6.03,1.07833333333,0.671666666667,3.35166666667,0.002065,0.675333333333,1.24383333333,0.000820833333333,2.15666666667,53.95,1.9085,2100.0,1.46316666667
batch-3-learning-45-regular-1,1981.66666667,0.754,0.12145,0.117783333333,2044.33333333,0.243333333333,6.07833333333,1.07433333333,0.664833333333,3.3405,0.00182466666667,0.6675,1.26816666667,0.000667666666667,2.15,53.7166666667,1.94,2100.0,1.48666666667
batch-3-learning-45-regular-2,1943.33333333,0.76,0.1201,0.1151,2028.16666667,0.240166666667,6.00833333333,1.085,0.656333333333,3.28833333333,0.00183266666667,0.663666666667,1.23516666667,0.0006795,2.16666666667,54.1666666667,1.94766666667,2108.33333333,1.48833333333
batch-3-learning-45-regular-3,1943.33333333,0.76,0.119833333333,0.115683333333,2011.0,0.239333333333,5.98833333333,1.06533333333,0.655666666667,3.38333333333,0.00211766666667,0.6765,1.25466666667,0.000827166666667,2.13166666667,53.3,1.94333333333,2100.0,1.49166666667
batch-3-learning-45-regular-4,1853.33333333,0.726333333333,0.116583333333,0.110283333333,1960.66666667,0.233333333333,5.835,1.07983333333,0.648166666667,3.27066666667,0.0017995,0.667666666667,1.23816666667,0.000656,2.15833333333,53.9666666667,1.93,2100.0,1.48
batch-3-learning-45-regular-5,2006.66666667,0.76,0.1245,0.11935,2093.0,0.249,6.225,1.08633333333,0.662833333333,3.44666666667,0.00194433333333,0.661,1.25583333333,0.000755,2.17,54.2833333333,1.955,2100.0,1.495
batch-5-learning-78-regular-2,1891.11111111,0.76,0.146488888889,0.112566666667,2463.77777778,0.292888888889,7.32333333333,1.371,0.617777777778,5.82888888889,0.00231411111111,0.755444444444,0.975222222222,0.000489222222222,2.74111111111,68.5222222222,2.22111111111,2100.0,1.23344444444
batch-5-learning-78-regular-3,1874.44444444,0.76,0.1459,0.111488888889,2454.77777778,0.291888888889,7.29555555556,1.34422222222,0.638,6.08555555556,0.00260877777778,0.766666666667,1.04055555556,0.000640222222222,2.69,67.2444444444,2.23455555556,2100.0,1.23933333333
batch-5-learning-78-regular-1,1788.88888889,0.737555555556,0.141533333333,0.106377777778,2381.11111111,0.283222222222,7.08,1.37977777778,0.64,5.55188888889,0.00229588888889,0.752,0.964888888889,0.000555633333333,2.76,68.9777777778,2.20777777778,2100.0,1.22966666667
batch-5-learning-78-regular-4,1768.88888889,0.732333333333,0.140033333333,0.105222222222,2354.44444444,0.28,7.00222222222,1.31966666667,0.618222222222,5.62666666667,0.00226944444444,0.777333333333,0.957111111111,0.000538777777778,2.64,66.0,2.19311111111,2100.0,1.22322222222
batch-5-learning-78-regular-5,1878.88888889,0.76,0.146255555556,0.111633333333,2461.22222222,0.292666666667,7.31888888889,1.35066666667,0.616888888889,5.94222222222,0.00245077777778,0.765666666667,0.949,0.000576222222222,2.70111111111,67.5,2.24222222222,2102.22222222,1.23622222222
batch-2-learning-23-regular-1,1878.33333333,0.740166666667,0.116083333333,0.1118,1947.0,0.232,5.79666666667,1.06183333333,0.659833333333,3.18233333333,0.002014,0.676,1.2695,0.0008345,2.12166666667,53.05,1.90316666667,2100.0,1.46683333333
batch-3-learning-78-regular-4,1940.0,0.76,0.119766666667,0.1154,2015.66666667,0.239666666667,6.0,1.04766666667,0.658333333333,3.35,0.00204916666667,0.6855,1.26316666667,0.000806,2.09666666667,52.45,1.94333333333,2100.0,1.48833333333
batch-2-learning-100-regular-1,1953.33333333,0.76,0.12165,0.115983333333,2051.16666667,0.243166666667,6.07833333333,1.07983333333,0.677666666667,3.20166666667,0.00179083333333,0.6675,1.258,0.000693333333333,2.16166666667,54.0166666667,1.92333333333,2108.33333333,1.46983333333
batch-1-learning-45-regular-3,1806.66666667,0.725833333333,0.113816666667,0.10735,1914.16666667,0.227666666667,5.69166666667,1.07383333333,0.6725,2.98016666667,0.00184716666667,0.6685,1.24116666667,0.000779566666667,2.15,53.7333333333,1.8775,2100.0,1.44266666667
batch-2-learning-23-regular-2,1916.66666667,0.739166666667,0.12035,0.114133333333,2023.33333333,0.240833333333,6.01833333333,1.091,0.692,3.22583333333,0.0019045,0.653833333333,1.29016666667,0.000820333333333,2.18666666667,54.6166666667,1.91333333333,2100.0,1.47
batch-3-learning-1-regular-1,1850.0,0.739333333333,0.11565,0.1102,1941.66666667,0.231333333333,5.78,1.07516666667,0.665166666667,3.269,0.00206933333333,0.681,1.23433333333,0.000812666666667,2.15166666667,53.7333333333,1.92933333333,2098.33333333,1.47833333333
batch-3-learning-1-regular-3,1931.66666667,0.76,0.119366666667,0.114783333333,2006.83333333,0.238833333333,5.97,1.0785,0.660666666667,3.34666666667,0.00187733333333,0.666333333333,1.25766666667,0.000691666666667,2.16166666667,54.05,1.93833333333,2100.0,1.48666666667
batch-3-learning-1-regular-2,1848.33333333,0.721,0.115933333333,0.11015,1948.33333333,0.231833333333,5.795,1.0815,0.6775,3.07383333333,0.0017975,0.6575,1.24516666667,0.000750166666667,2.15833333333,54.0333333333,1.93016666667,2100.0,1.47833333333
batch-3-learning-1-regular-5,1995.0,0.76,0.122766666667,0.118683333333,2061.33333333,0.245333333333,6.13333333333,1.08133333333,0.669166666667,3.39333333333,0.0018445,0.653333333333,1.29033333333,0.0006785,2.15833333333,54.0166666667,1.94666666667,2100.0,1.48833333333
batch-3-learning-1-regular-4,1965.0,0.7535,0.1196,0.1161,2020.16666667,0.239166666667,5.98,1.07066666667,0.658,3.19833333333,0.00173433333333,0.662333333333,1.25233333333,0.000654166666667,2.14166666667,53.5333333333,1.935,2103.33333333,1.48666666667
