,EXEC,L2MISS,L3MISS,L3MPI,INST,PhysIPC%,L3HIT,IPC,INSTnom%,MEM,FREQ,L2MPI,GT,Pred
542,0.35333333333333333,0.020899115044240385,0.010570570570570571,0.009808153477223022,0.3217728418922392,0.7246376811594204,0.9906666666670001,0.7258454106268116,0.3537777777773334,0.017282903263810535,0.2808540742172368,0.026174819566959173,1.00812881829,1.0175893061206929
144,0.31142857142866665,0.05190189633364534,0.612955812955813,0.6214388489208633,0.7507398331180902,0.4064182194615942,0.8122857142859999,0.40646997929710144,0.31123809523866663,0.7639246578805232,0.5778782282730743,0.07159582999200946,1.2438234423999999,1.167462937455591
608,0.6271851851853333,0.03319292035400594,0.006373993040652081,0.0033701039168633094,0.35934511105026845,0.6509661835746378,0.9965555555560001,0.6505636070869566,0.6271111111106666,0.010612309021633086,0.555694899993708,0.02370890136328136,1.05814659943,1.0316039099980203
414,0.42844444444466667,0.022534513274317686,0.01264121264121836,0.009659472422057554,0.2659286782246158,0.8792270531376812,0.9896666666670001,0.8780193236702899,0.42844444444400004,0.02110050665723577,0.2812077947133779,0.023287890938249116,1.02241954185,1.0142481316576113
684,0.3118,0.037752212389367164,0.006241098241098242,0.006562589928057554,0.3651096789004438,0.64,0.997,0.6402173913043478,0.3117333333333333,0.009248497702368328,0.28099556241548096,0.05362469927828934,1.02573631259,1.0184384136007456
678,0.29436363636333335,0.04169975864844541,0.4276900276894037,0.49280575539568344,0.5836340088269562,0.4822134387355073,0.833636363636,0.48241106719202903,0.29430303030266663,0.609274076930364,0.4239822496617117,0.06364365386033025,1.11812788098,1.1438049556926313
710,0.32866666666666666,0.023951150442469395,0.01911282711282711,0.018707913669064748,0.35395460018146946,0.6604347826086957,0.986,0.6608695652173914,0.32853333333333334,0.031063980205019444,0.2871502990544908,0.03238412189255509,1.01884136682,1.018486931479596
300,0.36683333333333334,0.29986725663706193,0.011012441012441013,0.009809352517985613,0.46335972401981057,0.5047101449275363,0.9990000000000001,0.5045289855072465,0.367,0.01665959703075292,0.4191587883463557,0.36077586206911016,1.00334532516,0.9648098320868346
641,0.36306666666666665,0.4574867256635548,0.00848048048048048,0.007729496402877699,0.4680442980813965,0.4995652173913044,1.0,0.4992753623188407,0.36319999999999997,0.012329445033580773,0.4193710206442526,0.5636728147556389,1.0321076402200002,1.046503202941451
295,0.9566666666666667,0.30122123893794645,0.009412269412269414,0.003197841726618705,0.41118273993065824,0.5677536231884058,0.9990000000000001,0.5679347826086957,0.9563333333333333,0.014627076705549667,0.9709627628782671,0.13839214113878845,1.16170858468,1.2461308901407613
605,0.30549206349200003,0.059103413400722435,0.6189945047087088,0.6433504624877698,0.7629860083113543,0.4128364389231885,0.829333333333,0.4125603864746377,0.30558730158666664,0.7555757545153765,0.5707027553451396,0.08361782563860609,1.24135771887,1.2179100243353123
682,0.35037037037066665,0.02445663716814355,0.006194766194766195,0.005736211031179856,0.3226843849783006,0.7236714975847827,0.9953333333329999,0.7246376811594204,0.3506666666666667,0.008679941871869918,0.278967564902362,0.0305974338412352,1.0185422955399999,1.0193970598815578
275,0.3377333333333334,0.033164601769899764,0.02188931788931789,0.0198589928057554,0.3575775797719742,0.6592753623188407,0.9894,0.6594202898550725,0.3373333333333333,0.02485683987274655,0.29733744935354145,0.042943063352062126,1.0331698632,1.0197635203337023
670,0.2946666666666667,0.18732743362825224,0.01349921349921922,0.015059952038417267,0.38752665821196064,0.603140096618116,0.9990000000000001,0.6026570048297102,0.2946666666666667,0.020162601626058676,0.28156151520951894,0.28219727345640827,1.00856749181,0.9946231578755993
223,0.3416666666666666,0.019162831858400294,0.018961818961818963,0.0181294964028777,0.33607015854422456,0.6956521739130435,0.9815,0.6956521739130435,0.3413333333333333,0.03778720395899611,0.2833301176923468,0.024809542902977065,1.0144020372799998,1.0137021056542785
207,0.303,0.0334752212389262,0.25280995280995283,0.26237410071942446,0.6293668195826381,0.43514492753623185,0.8705,0.43532608695652175,0.30266666666666664,0.5825379992930364,0.46691105537315575,0.04810344827588135,1.01077757608,0.9990252650052732
663,0.44399999999999995,0.02409557522121979,0.012646932646932648,0.00927098321342446,0.2548956344963426,0.9130434782608696,0.990333333333,0.9154589371992755,0.44399999999999995,0.02058206669027925,0.27979291272775236,0.0238412189254426,1.01750796517,1.0155789859988824
514,0.9666666666666667,0.2559504424777855,0.011957099957099957,0.004089208633093525,0.40758415354102123,0.5730434782608695,0.9990000000000001,0.5731884057971014,0.9648,0.014981972428419936,0.9705382982824732,0.11793103448280591,1.22859572545,1.2749927807944788
289,0.439,0.019091150442471113,0.010506220506220507,0.00791726618705036,0.2582291655522009,0.9057971014492754,0.98975,0.9057971014492754,0.439,0.01706256627783669,0.2796160524791512,0.019423616680039866,0.983876703069,1.0178131598374078
563,0.416,0.020638938053079422,0.008439868439862722,0.006609112709827339,0.27411424739058243,0.851449275362319,0.992166666667,0.851449275362319,0.41622222222266664,0.01260280428892188,0.28156151520951894,0.021802325581416118,0.9937494140950001,1.0153506973385515
642,0.32493333333333335,0.024307964601761302,0.010230802230802232,0.01032230215827338,0.34941774521066093,0.6691304347826087,0.9922,0.6695652173913045,0.32506666666666667,0.021621774478614353,0.27993440092599653,0.033170809943878575,1.02513087893,1.0202118829818252
543,0.33155555555533334,0.020973451327415585,0.014774774774774775,0.014757793765035972,0.344572002497838,0.6780193236717392,0.9866666666670001,0.6787439613514493,0.331555555556,0.029221161776882294,0.2819152357067212,0.028219727345640825,1.0285188383200001,1.0178058912656316
689,0.2956666666666667,0.03326017699113866,0.3736879736885457,0.41822541966474824,0.5603482769923878,0.4815217391304348,0.828,0.48146135265579715,0.29577777777733333,0.6164722516790385,0.4094314746923946,0.050286688051343335,1.11044636911,1.0755784983321126
421,0.4128,0.026152566371672153,0.0062977262977262985,0.004984172661870503,0.28444041206886017,0.8202898550724639,0.9954,0.8217391304347827,0.4126666666666667,0.010799575821845176,0.2898032027782019,0.027949077786699257,1.02431606392,1.0094120707326504
264,0.3665,0.38389380530959855,0.00903045903045903,0.008115107913669066,0.46517980880403015,0.5025362318840579,0.99975,0.5018115942028986,0.36633333333333334,0.013990809473312125,0.4207505305805824,0.4664194065759689,1.0196518540200001,0.9947140560148947
327,0.4154285714286667,0.02970796460175939,0.005216645216645217,0.004083247687568345,0.2896775340238596,0.807453416152174,0.996642857143,0.8069358178043479,0.41533333333333333,0.008675453214153412,0.29674623080955165,0.031421124985682204,1.02229381969,1.004926646623437
37,0.4388095238093333,0.6913274336280738,0.005063430777709137,0.003745118191165468,0.6411448378978922,0.36428571428550727,1.0,0.3642339544528985,0.43885714285733335,0.00664242791496642,0.6948333838648678,0.6910585404974704,1.0472309139899998,1.148900711744937
433,0.44933333333333336,0.02328849557521299,0.014234234234234235,0.010388489208633094,0.25387628029443665,0.9202898550724639,0.9890000000000001,0.9202898550724639,0.4486666666666666,0.022170378225521387,0.28173837545812014,0.02295108259824497,1.00316762636,1.0152564748281998
606,0.436,0.6615304528903853,0.006355262825842986,0.0048209902666043174,0.645210436107408,0.36197783461231886,0.999941176471,0.36121057118514494,0.436,0.006596386168455284,0.6944989842352134,0.6786405019092537,1.0301217111399998,1.1427677118508612
138,0.9666666666666667,0.27957200321777714,0.00504972504972973,0.0017318508829352519,0.41159149009753543,0.5676548089594204,0.999818181818,0.567523056652174,0.9666666666666667,0.007662199942156239,0.9821531931305297,0.1294853101990094,1.3370019935700002,1.2837018186721239
314,0.27830303030333337,0.2249782783587876,0.006669006669000429,0.007795945062129497,0.41807544657000323,0.5592885375492754,0.9993636363639999,0.558959156786232,0.2783030303026667,0.009353771008059385,0.2870924175182184,0.35505941532415997,1.01352380312,1.0077767736776921
493,0.32144444444466663,0.01921061946901975,0.012295152295152297,0.012678657074345323,0.35520893689941174,0.6583333333333333,0.988,0.6582125603876812,0.32111111111066665,0.02056557087310003,0.2812077947133779,0.02671611868484231,1.00841356901,1.0218697510349575
31,0.29573333333333335,0.03988035398228676,0.40271128271128276,0.4686043165467626,0.5096028084865384,0.5207246376811595,0.8444,0.521304347826087,0.29573333333333335,0.6803817603393426,0.37183098591534947,0.060546110665621704,1.1145045915,1.1030128430335786
438,0.3396666666666666,0.023161061946894452,0.019476619476619477,0.018705035971223024,0.33814354277647424,0.6916666666666668,0.9840000000000001,0.6920289855072465,0.34,0.03847295864262991,0.2833301176923468,0.030096230954302364,1.02553207971,1.0143638334046288
14,0.35244444444466666,0.4938053097343384,0.006221936221930503,0.005785371702633093,0.5105977577665097,0.4579106280195652,1.0,0.4580314009673914,0.35244444444399997,0.04817132084364793,0.4440076532254702,0.6203889334417083,1.05387569447,1.0668144002396622
213,0.34299999999999997,0.017952212389374174,0.019476619476619477,0.018057553956834532,0.33210942959169526,0.7039855072463769,0.98,0.7047101449275364,0.3426666666666667,0.03795687522092612,0.28067721396863565,0.02260825982358565,0.993131903831,1.0140043429517602
404,0.3353333333333333,0.020718584070778506,0.017354497354440154,0.0168824940047482,0.3395844400564123,0.6886473429949276,0.984333333333,0.6884057971014493,0.335555555556,0.03500412395423118,0.2812077947133779,0.02724538893345118,1.03500869084,1.016266079192736
1,0.314722222222,0.031494690265464954,0.007716287716293435,0.007982014388489209,0.35990561527672915,0.6495772946862319,0.995416666667,0.6497584541050726,0.31477777777733335,0.05444915753500177,0.27943919223055,0.04417602245402734,1.0194153646200002,1.0096375539493871
512,0.3626666666666667,0.502566371681238,0.011763191763191764,0.010633093525179858,0.4698758468177838,0.4974637681159422,1.0,0.4972826086956522,0.36333333333333334,0.017765995051254858,0.4207505305805824,0.6134723336008876,1.0231917607799998,1.0787663305336221
492,0.3183333333333333,0.02252389380530176,0.010241670241664525,0.010628297362115107,0.3569730107045342,0.6549516908210146,0.9916666666670001,0.6551932367137682,0.31866666666666665,0.019615883115362318,0.28014663322389344,0.031545709703312566,1.02117337188,1.0224089829392091
288,0.327,0.01729911504424166,0.013985413985413987,0.013866906474820145,0.3466574414115542,0.6746376811594202,0.98475,0.6748188405797102,0.327,0.028324496288441147,0.2796160524791512,0.023140537289504066,0.9978336755760001,1.0191864130423087
567,0.3403333333333333,0.020251327433631765,0.00849992849992278,0.008263788968820145,0.33401769725375613,0.7000000000000001,0.992166666667,0.6992753623188406,0.34,0.012305879580530225,0.2805003537200345,0.026589815557336246,0.994982848907,1.0207579475602948
523,0.2996666666666667,0.039480530973437344,0.4418275418275418,0.4565107913669065,0.47928115511368413,0.5362318840579711,0.833,0.5357789855072465,0.3,0.5821845174973489,0.35416264711543344,0.05746792301525962,1.07865802454,1.1296497828175225
442,0.45399999999999996,0.022014159292027602,0.014560274560274561,0.010453237410071942,0.25174236246412973,0.9275362318840581,0.9875,0.9257246376811595,0.45333333333333337,0.023789324849770237,0.28279953694760457,0.021363271852454433,1.02184375431,1.013085213219612
218,0.3253333333333333,0.054297345132617934,0.936936936936937,0.925179856115108,0.7871926769218168,0.389371980676087,0.680333333333,0.38937198067753637,0.3253333333333333,0.9006716154118063,0.634574570711698,0.07193263833190533,1.02214943688,1.1559414674563102
713,0.32253333333333334,0.02510442477875217,0.014472758472758473,0.014762589928057554,0.35264792729224986,0.6630434782608696,0.9894,0.6623188405797102,0.32239999999999996,0.027277483209614706,0.2807833301175841,0.034657578187664254,1.01885966078,1.0196611505153106
372,0.9733333333333333,0.24870796460178804,0.010416130416130416,0.0035347721822589933,0.4043434673724381,0.5782608695652174,0.9990000000000001,0.5772946859891305,0.9720000000000001,0.015100742311770944,0.9695478808926415,0.11403368083404733,1.35136223845,1.279280256557266
266,0.6315000000000001,0.03504424778759821,0.008511368511368512,0.004413669064748201,0.35690376974200233,0.6541666666666668,0.99525,0.6539855072463768,0.6313333333333334,0.014043831742665252,0.5565792012345913,0.02447574178028247,1.01874644465,1.0269962311259755
274,0.4455555555553334,0.6679646017707369,0.0071128271128271135,0.00518705035971223,0.6321002095410228,0.3704106280195652,1.0,0.37016908212681165,0.4457777777773333,0.00891245434193001,0.6938227538742258,0.6591820368899997,1.1806359818,1.1222326172650354
653,0.6453333333333333,0.023345840707956332,0.009352209352209352,0.004742446043165469,0.35280324570263943,0.6623188405797102,0.9924,0.6623188405797102,0.6453333333333333,0.013853658536585366,0.5619911248309619,0.015964715316766624,1.04727450467,1.0339715662860816
10,0.314,0.0336000000000943,0.007732017732012013,0.00802278177457554,0.3604201139434424,0.6485507246376813,0.995583333333,0.6485507246376813,0.314,0.05516319076229057,0.2793507621067801,0.04709302325583284,1.01907520466,1.0084630530024774
180,0.2925,0.19561061946895728,0.011145431145431145,0.01233093525179856,0.39479509752521685,0.5920289855072465,0.99875,0.5932971014492754,0.29233333333333333,0.015478967833156594,0.2846565695542023,0.2943765036087788,1.00401994068,0.9947681083811344
521,0.6144999999999999,0.04030088495573794,0.010999570999571,0.005838129496402877,0.3669761565620368,0.6356884057971015,0.99475,0.634963768115942,0.614,0.01805585012371863,0.5573750723517047,0.028833199679241712,1.0232077169,1.0265872731282095
666,0.33044444444466664,0.025136283185831807,0.016931216931222653,0.016642685851366905,0.34372668205760554,0.6799516908210146,0.987333333333,0.6799516908224639,0.33066666666666666,0.03291151172376105,0.2805003537200345,0.03328388131515769,1.01111688641,1.0172988893252353
697,0.97238095238,0.292323640960569,0.007025801311522952,0.002396711202460432,0.40484525046596,0.5768115942028985,0.999714285714,0.5766045548659421,0.9721904761906668,0.00997828611827501,0.9720239243677514,0.13434528582900335,1.29346494752,1.260972340537193
155,0.4166666666666667,0.023877876106186236,0.008439868439862722,0.006635491606719424,0.27393676262295596,0.8538647342971014,0.9933333333329999,0.8544685990326087,0.41644444444400003,0.014438553081173559,0.28156151520951894,0.025374899759444815,1.01856581264,1.0155241745781374
612,0.30106666666666665,0.04320955752210859,0.3631746031746032,0.3819856115107914,0.5903565443995098,0.47550724637681163,0.8634,0.4758695652173913,0.30093333333333333,0.5849416755037117,0.4371985336675913,0.06322373696875028,1.09778436808,1.1008017604710756
375,0.3006666666666667,0.18015929203533443,0.026452166452166456,0.02860431654676259,0.38248505621524576,0.611231884057971,0.9975,0.6105072463768116,0.30133333333333334,0.02493460586779781,0.283860698437089,0.26216920609473227,1.0313916492200002,0.9993382984736922
64,0.35133333333333333,0.021681921618183473,0.007729362015083656,0.007235354573482014,0.3231714630512914,0.7230848861282609,0.993285714286,0.7230848861268117,0.35123809523866667,0.011246780790781195,0.2802982277225428,0.02743613243214412,1.00968517498,1.0194089735540128
409,0.33511111111133335,0.022736283185843274,0.017388817388760188,0.01697841726618705,0.3392420904851904,0.6888888888891306,0.9856666666670001,0.6896135265688407,0.335555555556,0.0339625309296147,0.2805003537200345,0.02997594226145147,1.0270068164200001,1.0167573377268182
15,0.274277777778,0.2794513274336356,0.006533676533676534,0.007827338129496403,0.42660699549261466,0.54806763285,0.99975,0.5477053140108696,0.274444444444,0.04820195593259809,0.28872435526353896,0.4522854851633729,1.0382519501799998,1.026438155427766
12,0.33744444444466665,0.02814424778761127,0.005880165880171601,0.0057793764988057555,0.33741807976557,0.6928140096615942,0.996166666667,0.6929347826086958,0.3376666666666666,0.0470425356427006,0.2807656440924056,0.03737971130703183,1.01455019061,1.0084640266273102
489,0.4325555555553333,0.0221150442477904,0.008785928785928787,0.006700239808158273,0.26336316892020567,0.88768115942029,0.9925,0.8870772946847827,0.43222222222266665,0.010929657122658185,0.2812077947133779,0.022764635124295416,1.0151403129899998,1.0170528505098233
254,0.35541666666666666,0.4444247787609046,0.0067417417417417426,0.00616726618705036,0.4863637667503504,0.48070652173913053,1.0,0.4814311594202899,0.35566666666666663,0.009731353835277482,0.42645427358656124,0.5485164394549111,1.00835324745,1.0393643858439376
303,0.4175,0.02107433628317838,0.010227370227370228,0.00807913669064748,0.2728101538082382,0.855072463768116,0.991,0.8559782608695652,0.41733333333333333,0.01699540473665606,0.28094250434100676,0.022472935044114864,0.986184195773,1.0146999338750917
299,0.63,0.02891150442476852,0.010025740025740026,0.005194244604316547,0.36031751796261763,0.65,0.9935,0.6494565217391305,0.63,0.01727112053729233,0.5587015242135602,0.020253608660794006,0.998032507147,1.031430934480565
75,0.31904761904733336,0.024644753476589506,0.009724826867679108,0.009938335046244603,0.35501740868888737,0.6584886128362318,0.992714285714,0.6583850931666667,0.319047619048,0.01941524011513609,0.27938866073170776,0.034024515981220534,1.0104134231100002,1.0215024601699652
151,0.4345185185186667,1.0,0.012463892463886746,0.009207034372503599,0.6445778768569531,0.3619162640898551,1.0,0.36171497584528983,0.43481481481466666,0.00841443776756451,0.6925847321372014,1.0,1.62022806669,1.5415623850228037
332,0.32438095238066667,0.04005056890002122,0.0057951829380351785,0.005909558067827339,0.36213480777788815,0.6454451345753623,0.997285714286,0.6457039337463769,0.3243809523813333,0.008249255163351007,0.28984868112790285,0.055238286172395845,1.06479546323,1.0138472868801287
611,0.9709090909066668,0.3057248592113608,0.006520806520806521,0.00222550686723741,0.41110753451191073,0.5694993412384058,0.999818181818,0.5694993412391305,0.9700606060600001,0.009008001542453164,0.9825390700361828,0.14047532259255832,1.32761962142,1.2670784445126366
583,0.33899999999999997,0.018812389380524312,0.017305877305877307,0.016474820143884895,0.3363292063429994,0.6956521739130435,0.9825,0.6956521739130435,0.33866666666666667,0.036818663838812306,0.2812077947133779,0.024178027265446742,1.00551536416,1.0147906221451857
658,0.35733333333333334,0.027865486725664464,0.01242957242956671,0.01135731414867626,0.3187353626572038,0.7342995169057972,0.9916666666670001,0.7342995169094204,0.35733333333333334,0.01985153764585366,0.2808540742172368,0.034402566158782844,1.00163691729,1.0159882264255478
270,0.42133333333333334,0.01888407079645349,0.00903045903045903,0.007097122302158273,0.2701724261733128,0.8641304347826086,0.991,0.8632246376811594,0.42133333333333334,0.013976670201484624,0.281473085085749,0.02006415396953491,1.0110172577399998,1.0158344002250714
609,0.3476666666666666,0.024164601769902948,0.009982839982839983,0.009404676258992807,0.32850515991675516,0.7118659420289856,0.992375,0.7119565217391305,0.3476666666666666,0.011714386709084484,0.28187102064430564,0.030569867682450107,1.02270633516,1.0192111958931016
66,0.44116666666666665,0.6331858407077404,0.00676962676962677,0.005061151079136691,0.6365788583668408,0.3666666666666667,1.0,0.36689311594202906,0.44133333333333336,0.008810533757511488,0.6938669689366413,0.6391840417003364,1.1008618279,1.1100117507562062
447,0.3653333333333333,0.02481769911503546,0.014714714714714716,0.013280575539568346,0.3144401963797546,0.7427536231884058,0.9890000000000001,0.7445652173913044,0.3653333333333333,0.022481442205726405,0.2833301176923468,0.030294707297526178,1.0319608411,1.01479217838539
17,0.98,0.26176991150443824,0.010730730730725013,0.0035851318944892085,0.4016062318485652,0.582004830918116,0.9990000000000001,0.5815217391304348,0.9802222222226668,0.05325321079297279,0.9718470641191503,0.11740176423408877,1.2272320927200002,1.233574249769001
335,0.35919047619066663,0.5045006321106178,0.00616902616902617,0.005658787255913669,0.516884352964556,0.45248447205000003,1.0,0.45238095238043485,0.3592380952386667,0.00887643286371156,0.4578911827125379,0.6248138389284782,1.05061811479,1.090729145511835
377,0.33699999999999997,0.02220530973450541,0.01844701844701845,0.017697841726618705,0.3401080711177257,0.6862318840579711,0.9845,0.6847826086956522,0.33666666666666667,0.03409685401201838,0.28279953694760457,0.028742983159594525,1.0398702064299998,1.0145429017379786
45,0.313523809524,0.028294816687731573,0.008792057363483484,0.00930729701952518,0.36151778331578144,0.646635610765942,0.9943571428569999,0.6464803312644929,0.313523809524,0.015041155380501943,0.2796160524791512,0.040365448504948026,1.0185696214,1.0221686687157718
601,0.28074509803933334,0.18299843831335114,0.005748605748605749,0.0066711807025035975,0.4264222531633132,0.5484228474,0.9992941176469999,0.548593350384058,0.28078431372533336,0.007591957249487452,0.2953150003970499,0.2860182084061291,1.02100662685,0.9955736444782974
676,0.6028148148146667,0.03176637168140114,0.006278659611994853,0.003398880895280576,0.3766120643201164,0.6211755233492755,0.9963333333329999,0.6211755233478261,0.6031111111106667,0.00990848749067515,0.5595858254544436,0.023235765838024555,1.02692452672,1.0429308725265067
569,0.31966666666666665,0.026888495575211717,0.010439010439004722,0.010657074340532374,0.35489849165800574,0.6589371980673914,0.992833333333,0.6594202898550725,0.319555555556,0.02017202780723931,0.27979291272775236,0.03709703287892425,1.00232411097,1.0209397183747844
717,0.3236,0.028921061946892413,0.01227970827970828,0.01239136690647482,0.3518058829521616,0.6649275362318842,0.992,0.6652173913043479,0.3234666666666667,0.024735242135030044,0.2807833301175841,0.03940657578189231,1.0149474859999998,1.0186473531073739
503,0.318285714286,0.024594690265478017,0.01097750812036036,0.011418293936273383,0.3562301469922333,0.6563146997927536,0.991571428571,0.6563146997934783,0.3182857142853333,0.0215947078725486,0.27954025523035714,0.034509107572483766,1.01804059009,1.0212883797889327
620,0.3183703703706667,0.025776991150429814,0.016807283473942513,0.016944844124748202,0.36463414799780625,0.6423510466985508,0.9886666666670001,0.6425120772934784,0.31851851851866664,0.027134833667147404,0.28651360216080013,0.03595429029671449,1.03264036678,1.0217232653416355
78,0.3066666666666667,0.05150088495587557,0.6239954239948521,0.6702158273381296,0.6761901546246437,0.45789049919492764,0.7891111111110001,0.4581320450869565,0.3066666666666667,0.7434114920862495,0.5124230925889398,0.07433841218928403,1.1757343979000001,1.2064428846097561
190,0.4235,0.02198230088494797,0.009407979407979408,0.00729136690647482,0.26931173423601557,0.8695652173913044,0.99175,0.8695652173913044,0.424,0.014499823259102157,0.28094250434100676,0.02308640737771575,1.0047786784700001,1.01627969569974
250,0.3146666666666667,0.0597634754625983,0.7308139308142428,0.7490516677568345,0.8494019214785016,0.37048748353115946,0.7909999999999999,0.37038866930072467,0.31478787878799996,0.8276615572484977,0.6587883465170138,0.0815983815702813,1.1532962426200002,1.1873074930106842
718,0.2951111111113333,0.044941592920444265,0.3767195767190048,0.41199040767338135,0.5645050878334371,0.4833333333333334,0.8725,0.4830917874384058,0.29488888888933334,0.6084599976443973,0.4108463566790813,0.06814354450672339,1.11178889802,1.1158519531327795
407,0.33133333333333337,0.06247433628316371,0.7674817674817676,0.7370503597122302,1.0,0.28695652173913044,0.7715,0.28695652173913044,0.332,0.8900671615411806,0.8165637661582803,0.08092421812352885,1.05554262752,1.023258170498174
137,0.293703703704,0.03468672566377533,0.3452595452595453,0.36604316546762594,0.6411802697899704,0.4407407407405798,0.834222222222,0.4407809983913044,0.29392592592533334,0.5892934291650761,0.46349175724060837,0.05080994386529703,1.09227618725,1.0682196116314069
277,0.3232,0.02433345132742501,0.01190905190905191,0.012198561151079135,0.35429810604431716,0.6598550724637682,0.9908,0.6601449275362319,0.3232,0.022481442205726402,0.2824811885007592,0.03368323977547461,1.0238059177399998,1.0201326624540186
175,0.9674074074066666,0.29847787610612436,0.005519805519811241,0.0018711430855251798,0.4102210423760638,0.5694041867956522,1.0,0.5700483091775363,0.9678518518520001,0.008441145281018029,0.9800415889554389,0.13608660785887572,1.3137024500799999,1.268514276999719
311,0.44206060606066666,0.5653419147236936,0.005873405873410554,0.004355788096791367,0.6379433837281328,0.36640316205507245,1.0,0.36627140975000005,0.44193939394000004,0.008271474019088019,0.6960254678753826,0.566559743384349,1.02324813928,1.0646360119093998
46,0.6051428571426667,0.03305537294558122,0.014996629282350921,0.008097636176776979,0.39548453292344615,0.5908902691514494,0.992928571429,0.5910973084891306,0.6052380952386667,0.05186284906323083,0.5910669496428358,0.02440227975713087,1.03611259139,1.0406828198770741
568,0.432,0.024886725663718617,0.0077334477334534526,0.005899280575539568,0.2622941970162356,0.891304347826087,0.994166666667,0.891304347826087,0.43222222222266665,0.011964180511360906,0.2796160524791512,0.02568163592624526,0.9998021772869999,1.017356159188819
269,0.3413333333333333,0.029692035398219574,0.009009009009009009,0.008733812949640289,0.33342088432371264,0.7010869565217392,0.99425,0.7010869565217392,0.3413333333333333,0.013944856839872748,0.28094250434100676,0.03884723336007973,1.0167601798299999,1.0171466025069216
561,0.30704761904733335,0.04299519595442725,0.5007293007293008,0.5387872559093525,0.517618522786326,0.519668737060145,0.818857142857,0.5198757763985508,0.3068571428573333,0.6495985456755038,0.39323612910278094,0.0624143659067211,1.0875383859299999,1.1476118458339444
21,0.3398333333333334,0.02662566371680473,0.009502359502359503,0.009244604316546763,0.33411680546902334,0.7000000000000001,0.99325,0.6992753623188406,0.34,0.05506892895015907,0.28014663322389344,0.034994987971144746,1.01280179095,1.0077369895442403
677,0.3154666666666667,0.027114690265477127,0.008384384384384385,0.008768345323741007,0.35901346376247095,0.6510869565217392,0.9943,0.6510869565217392,0.3153333333333333,0.016096147048427007,0.2794038201812543,0.03826984763433772,1.02641417263,1.021826552385316
326,0.435822222222,0.6909026548680739,0.005413413413419134,0.0040585131894532375,0.6463612276105758,0.36193236715000004,1.0,0.3620289855072464,0.4359111111106666,0.006841522328257334,0.6942825905203764,0.6995990376919405,1.1049491545399999,1.1579746335707521
518,0.3416666666666666,0.03214513274335145,0.012621192621192623,0.012014388489208633,0.33395682050508296,0.7000000000000001,0.99275,0.7010869565217392,0.3416666666666666,0.019293036408624956,0.2812077947133779,0.04122894947876553,1.01359370635,1.016245929869097
378,0.44966666666666666,0.020007079646010614,0.012767052767052766,0.00910071942446043,0.25424036758955737,0.9202898550724639,0.988,0.9184782608695653,0.44933333333333336,0.020325203252032523,0.28173837545812014,0.019288291900569077,1.05000707683,1.014304748843931
395,0.33559999999999995,0.030918584070785512,0.005695409695409695,0.0056014388489208635,0.3483001087350489,0.6710869565217392,0.9965,0.671376811594203,0.33560000000000006,0.00828278543655002,0.2884236928418721,0.041178428227763096,1.0319994761,1.0162617916483834
325,0.2731111111113333,0.289359292035402,0.005891605891600172,0.0071318944844172664,0.43703396273795403,0.5349758454108696,1.0,0.5347826086956522,0.2728888888893333,0.008293154235885471,0.29436619718298496,0.4732157177215209,1.07161341134,1.049390703195877
622,0.44199999999999995,0.6169911504433214,0.006225272891943373,0.004671462829741008,0.63560909033008,0.36706924315652184,1.0,0.3672302737536232,0.44192592592533336,0.008582537999293037,0.694117520954874,0.6246992782676922,1.09990108335,1.1004250621719196
562,0.36166666666666664,0.3541592920363348,0.007647647647653366,0.0069400479616259,0.469328608765291,0.4981884057971015,1.0,0.4975845410615942,0.3617777777773333,0.01171674325439378,0.41898192809775464,0.4348436246994526,0.9982544694850001,0.9859174680026366
397,0.96777777778,0.29073451327412714,0.006446446446452167,0.0022016786570791366,0.4148876065245261,0.563768115942029,0.999833333333,0.5640096618369566,0.9670000000000001,0.007866148226694946,0.9890909383232726,0.1340918203688188,1.21935906631,1.2852525477955814
71,0.6223809523806666,0.02647888748419239,0.006991481277202917,0.003679342240489209,0.3646917208940174,0.6414078674949276,0.995,0.6418219461702899,0.6222857142853333,0.011735595616825734,0.5593836994569519,0.018852674991430972,1.01457301696,1.0392957649002446
652,0.30626666666666663,0.04395823008848001,0.4526469326469327,0.45510791366906483,0.565277217490184,0.5144927536231885,0.8336,0.5142028985507247,0.3061333333333333,0.6458819370802403,0.42637468647484994,0.06149157979152425,1.13109319745,1.1399055476845994
150,0.43355555555533337,0.023378761061928006,0.008791648791643073,0.006690647482014389,0.2611009954867974,0.8925120772971016,0.9933333333329999,0.8925120772934784,0.43333333333333335,0.014160480735242136,0.28014663322389344,0.024039695268666412,1.0322804565700001,1.0165063226255184
379,0.3388888888886667,0.026421238938033123,0.012572572572578293,0.012316546762589928,0.337428978073557,0.6927536231884058,0.991,0.6932367149746377,0.33911111111066666,0.019945799458041712,0.28226895620286235,0.03495589414597632,1.02926624971,1.0178837628172452
156,0.3406666666666667,0.03530973451315563,0.00826826826826255,0.007925659472417267,0.3329920120814697,0.7020531400963769,0.9956666666670001,0.7028985507246377,0.3406666666666667,0.013474726051608342,0.2799697729752923,0.045709703288029556,1.0278408868,1.0154088958616287
525,0.43883333333333335,0.02220530973450541,0.011411411411411413,0.008510791366906476,0.2590878351213525,0.9021739130434784,0.9905,0.9030797101449277,0.439,0.01781194768469424,0.28067721396863565,0.02235565356857352,1.0133399138099999,1.0167717507580658
133,0.35791666666666666,0.4424336283184274,0.00569069069069069,0.005278776978417266,0.4873891783545169,0.4794384057971014,1.0,0.47961956521739135,0.35800000000000004,0.008867090844821493,0.4305662743583135,0.5548315958302145,1.02850954323,1.0441802043809458
554,0.4415555555553334,0.021546902654849008,0.011674531674525958,0.008690647482014388,0.2563661584882635,0.9130434782608696,0.99,0.9130434782608696,0.44177777777733335,0.019121008601385648,0.279085471734409,0.02166399358459971,1.03349494207,1.0180744813335367
170,0.32,0.024166877370394985,0.00893791750934363,0.009200411099697842,0.3545995919701492,0.6591097308485507,0.993285714286,0.6589026915108696,0.32,0.018572943493404027,0.27999503872524406,0.03363271852447219,1.03110120061,1.021467892093685
669,0.30233333333333334,0.03390530973450127,0.2524667524667525,0.2620863309352518,0.6516294102792083,0.4271739130434783,0.87125,0.42708333333333337,0.3016666666666667,0.5733474726051608,0.48388963920490685,0.04880713712912943,1.03004421777,1.0069409220118049
166,0.35952380952400004,0.44237673830533014,0.006964515535941655,0.006398766700920864,0.4762002764377997,0.4907867494826087,1.0,0.49068322981521745,0.3592380952386667,0.010137857900318134,0.422342272814809,0.5495474853947673,1.0332582807100001,1.0394066619518512
394,0.4295333333333333,0.023693097345124352,0.005527241527241528,0.00420863309352518,0.26388052954047986,0.8847826086956522,0.9958,0.8855072463768117,0.4296,0.008072110286320254,0.2798282847770481,0.02436206896552701,1.01289956921,1.0180819432311408
309,0.313393939394,0.030899758648417375,0.00817908817908194,0.008635709614129496,0.36127352524309,0.6471673254282609,0.995090909091,0.6472332015797101,0.31345454545466667,0.015893826922460236,0.2793748794136487,0.0440256615878284,1.02192569799,1.0207326606414777
415,0.454222222222,0.6690265486723295,0.012944372944367226,0.009410071942446044,0.622833195548705,0.3765700483094203,1.0,0.3768115942028986,0.45422222222266667,0.016962413102396608,0.6954144961084525,0.6591820368899997,1.1547916102,1.1219638465354953
432,0.33349999999999996,0.06746017699112655,1.0,1.0,0.9400328431360668,0.3143115942028986,0.7185,0.31440217391304354,0.3336666666666666,1.0,0.7741173065789025,0.08967522052930621,1.03935774941,1.0913428811232087
556,0.339777777778,0.04141592920352516,0.014048334048339767,0.013510791366906475,0.3351646578409018,0.6975845410630436,0.9936666666670001,0.6980676328514492,0.33911111111066666,0.0214021444562743,0.2812077947133779,0.053648757016982226,1.0288801397,1.0132528789206754
243,0.336,0.029345575221228545,0.007303732303732304,0.00716546762589928,0.34573290484864044,0.6762681159420291,0.9955,0.6761775362318841,0.3358333333333334,0.01043655001767409,0.28651360216080013,0.038973536487585794,1.00802517445,1.0172984130598905
706,0.36400000000000005,0.45493805309718405,0.011250107250107251,0.010198561151079137,0.470069908281892,0.49739130434782614,0.9996,0.4971014492753623,0.3637333333333333,0.016294096854012022,0.42191780821901526,0.5571772253410414,1.01610985578,1.0417531577566552
304,0.3156363636366667,0.025237650844727344,0.010515970515967398,0.010885546108561153,0.35906923014167236,0.6511857707507247,0.992272727273,0.6511857707500001,0.3155151515146667,0.016949130756139977,0.27947134864006196,0.03527301888171021,1.00798518661,1.0228685920488547
548,0.32266666666666666,0.0520438938052913,0.608974688974689,0.5740143884892087,0.9115247316366992,0.3272463768115942,0.8132,0.3274637681159421,0.32293333333333335,0.7867090844821492,0.7251977619136696,0.06777064955896864,1.0560605546200001,1.0725189807823998
316,0.3148484848486667,0.023685277554310196,0.009751569751574433,0.010294310006546764,0.3604284082625164,0.6486166007905797,0.992363636364,0.6485507246376813,0.31478787878799996,0.01837077026895723,0.28005016399748023,0.03379674856017794,1.0185595514299999,1.0229447442940793
313,0.324424242424,0.04216894609825056,0.007032487032483914,0.0070137344669784175,0.3649118101638155,0.6406455862978261,0.996818181818,0.641304347826087,0.3242424242426667,0.010448921880523153,0.2922052865138753,0.05678719836714386,1.0160869060700002,1.0127257693852147
416,0.3367272727273334,0.03140659694286321,0.005860925860918061,0.005741007194244604,0.3371784774243746,0.6934782608695653,0.9965454545450001,0.6930171278007247,0.3366060606066667,0.009642983386355603,0.27985722554465375,0.04159473645855718,1.01973949692,1.0170646100155476
500,0.3418095238093333,0.028449557522113818,0.008347122632844274,0.008014388489208633,0.3315268809319793,0.7052795031057971,0.9944285714290001,0.7049689440978261,0.34171428571466667,0.01311518456798869,0.27954025523035714,0.03686504754263707,1.0171849061,1.0178196028726805
495,0.614,0.030420227560035245,0.0061408347122608314,0.003301130524158274,0.3683790840069737,0.6348861283644929,0.996285714286,0.6350931677028986,0.6139047619053333,0.009956067262537999,0.5574129709766323,0.02209015923933123,1.02656450919,1.0389642403338346
182,0.3553333333333333,0.020970796460169562,0.008026598026598027,0.007489208633093525,0.31928494181782446,0.7300724637681161,0.99275,0.7327898550724639,0.35566666666666663,0.013704489218805231,0.28014663322389344,0.026442461908591196,1.00096219704,1.0186566563599628
484,0.30741666666666667,0.04717433628316913,0.5410767910767912,0.5504136690647482,0.7439956641681476,0.42355072463768123,0.81125,0.423233695652174,0.30766666666666664,0.7147401908801696,0.562946170171498,0.06594827586209541,1.20506592959,1.1572088252780706
701,0.3517333333333333,0.028672566371671263,0.008367224367224368,0.00784748201438849,0.3222446041278671,0.7252173913043478,0.9946,0.7253623188405797,0.35200000000000004,0.012309650053022269,0.2797221686280997,0.036202085004024144,1.0165282084,1.0170070630857573
210,0.3793333333333333,0.3131681415928094,0.01413985413985414,0.01225179856115108,0.4499143020377071,0.5195652173913045,0.9990000000000001,0.5181159420289855,0.3793333333333333,0.02209261223047013,0.4207505305805824,0.36663993584617743,1.00148987787,0.9588899226855293
260,0.32683333333333336,0.02135309734512518,0.012076362076362077,0.011982014388489209,0.3475238217565797,0.672463768115942,0.98925,0.6721014492753624,0.327,0.0243796394485684,0.28014663322389344,0.028643744987982615,1.01418255614,1.0193934501900705
443,0.33899999999999997,0.02185486725662943,0.018876018876018877,0.0181294964028777,0.3363917658337769,0.6956521739130435,0.9840000000000001,0.6956521739130435,0.3393333333333333,0.037066101095793565,0.2812077947133779,0.028219727345640825,1.02796281888,1.0156799729347759
297,0.34600000000000003,0.025741592920344867,0.009703989703989705,0.009179856115107915,0.3286029488682236,0.7112318840579711,0.99325,0.7110507246376812,0.34600000000000003,0.016147048427006008,0.28041192359626455,0.03287489975943579,0.9908963545049999,1.01778336258939
582,0.298,0.27525663716804416,0.013144573144573145,0.014302158273381296,0.38236240222686424,0.6108695652173913,0.9990000000000001,0.6105072463768116,0.29866666666666664,0.020926122304701308,0.2812077947133779,0.4041700080194082,0.9909940487119999,1.0158980518124459
667,0.33866666666666667,0.02214159292034614,0.014334334334328618,0.013884892086330937,0.3365234709126047,0.6954106280195653,0.988,0.6956521739130435,0.33866666666666667,0.020902556851608342,0.2808540742172368,0.028965517241402953,1.0034672849200001,1.019507954238661
485,0.9658333333333333,0.2602831858406158,0.007734877734877734,0.0025899280575539573,0.4101487629828201,0.5699275362318842,0.99975,0.5692934782608696,0.9663333333333332,0.008996111700247438,0.9777276673737304,0.11786788291905287,1.3121118162,1.2884608157312643
188,0.31583333333333335,0.03144424778759948,0.21244101244101246,0.20942446043165466,0.5932672146934558,0.5092391304347827,0.8859999999999999,0.5095108695652174,0.3156666666666667,0.5157299399080948,0.46372757090470246,0.04315056134725066,1.03475096473,1.0294369918478865
665,0.3708888888886667,0.3355752212377573,0.015695695695701416,0.014071942446043165,0.46148716581880156,0.5062801932369565,0.9990000000000001,0.506038647344203,0.3706666666666667,0.021232473194344292,0.4219885523186679,0.4065757818778696,1.0013044043700001,0.9759016730211747
532,0.35755555555533336,0.01858407079644298,0.013224653224658944,0.012206235011985611,0.3211861335171652,0.7297101449275364,0.9866666666670001,0.7282608695652174,0.35688888888933334,0.019040886061039236,0.2833301176923468,0.023155573376123957,1.02208442704,1.0170725738436097
161,0.33238095238066667,0.03219519595443108,0.007319973034251394,0.0071264131551942445,0.3415630944132824,0.6847826086956522,0.995714285714,0.6853002070398552,0.33219047619066666,0.01073372721303641,0.27999503872524406,0.04232443578887021,1.02795004345,1.0180444958673789
506,0.413523809524,0.021868520859677214,0.008065208065208065,0.0063658787255971225,0.2764939473166322,0.8467908902681162,0.993,0.8467908902681162,0.413523809524,0.013606019289996465,0.281662578209326,0.023301638217435167,1.0076489151299999,1.0158699894282033
76,0.4291428571426667,0.02456738305941431,0.007435190292338053,0.0056916752312374105,0.26355205949549937,0.8840579710144928,0.9944285714290001,0.8856107660471016,0.4291428571426667,0.010860980659498054,0.27954025523035714,0.025441058540507395,1.0075007886,1.0170058995876878
220,0.4543333333333333,0.015562831858401568,0.013316173316173317,0.009510791366906475,0.2520439065304684,0.9239130434782609,0.9840000000000001,0.9275362318840581,0.4546666666666667,0.02287027218098268,0.28279953694760457,0.015048115477151182,1.00498889912,1.0121215132666812
649,0.45880000000000004,0.5810973451325376,0.026076362076362075,0.0181294964028777,0.6397239528071751,0.365072463768116,0.9994,0.3651449275362319,0.4592,0.025193354542241076,0.726258923403154,0.5593424218125739,1.07676742486,1.061770759810474
205,0.33133333333333337,0.021217699115036733,0.013882453882453884,0.013832134292561154,0.3426801364980468,0.6818840579710145,0.988,0.6823671497572464,0.33111111111066666,0.02815600329921527,0.28014663322389344,0.02858059342422958,0.9945372682529999,1.0187537590799307
716,0.436,0.022179823008841706,0.00916001716001716,0.0069093525179856115,0.25994089512240903,0.8985507246376813,0.9922,0.8985507246376813,0.436,0.01486037469070343,0.2797221686280997,0.022626303127515086,1.01423195229,1.0170166331329473
659,0.329,0.06331858407077404,0.7304161304161304,0.7007194244604317,0.9742019602173643,0.2726449275362319,0.807,0.2722826086956522,0.329,0.8677978084128668,0.7905653096659114,0.08326984763435576,1.04622213126,1.0344721720102625
408,0.3348888888886667,0.023320353982292628,0.018103818103818104,0.017601918465179858,0.33950537499481775,0.6881642512079711,0.9856666666670001,0.6884057971014493,0.33466666666666667,0.036248379875150234,0.2808540742172368,0.03075781876503639,1.01627523764,1.0163339069298412
444,0.3144444444446666,0.04513274336292208,0.6486486486486487,0.706474820143885,0.717109145827187,0.3780193236717392,0.7423333333329999,0.3783816425108696,0.31422222222266666,0.7178036997765996,0.5553411794965057,0.06471531676013019,1.04254304032,1.1117066757534824
399,0.3244666666666667,0.02603787610618547,0.009070785070785072,0.008771223021582735,0.3564261129652193,0.6552173913043479,0.9937,0.655072463768116,0.3246666666666667,0.01819017320607989,0.2855585568202641,0.0351952686447615,1.0214104614,1.0188895655291588
566,0.5984444444446667,0.04444247787609045,0.007550407550407551,0.004155875299755396,0.37803978281450856,0.617995169081884,0.9966666666670001,0.6183574879239131,0.598444444444,0.012221043949579355,0.5585246639649591,0.03300721732159703,1.0105158747299998,1.0332004377950108
494,0.3206666666666667,0.024122123893807385,0.01035035035035607,0.010673860911266188,0.35399990737437986,0.660628019323913,0.992166666667,0.6606280193224638,0.3206666666666667,0.018161894662424887,0.2799697729752923,0.03358460304733905,1.0148629068000001,1.0220720820218419
160,0.302,0.04774209860929282,0.49354660783183185,0.5142651593007195,0.5741530632031239,0.5008281573500001,0.832714285714,0.5003105590072464,0.3020952380946667,0.6273796899455639,0.4297704032412002,0.06944094398001982,1.10875049067,1.1774711053207483
68,0.3579047619046667,0.4378255372957741,0.007587179015752898,0.00703186022610072,0.4776431536008003,0.4894409937891305,1.0,0.48913043478260876,0.3577142857146667,0.011157905367875576,0.4215843003226233,0.5480009164849832,1.0170143724299998,1.0396360861724643
428,0.9514285714266665,0.25648293299598,0.006763498192072072,0.002312230215827338,0.4220363818154947,0.5542960662528985,0.9997857142859999,0.5546066252572465,0.951047619048,0.008791597232746555,0.9894572916954507,0.11944667201287869,1.3185582048,1.3041277863714142
252,0.42641666666666667,0.03157566371680298,0.011276276276276276,0.00876798561151079,0.26704543050001056,0.8759057971014493,0.99325,0.8768115942028986,0.42650000000000005,0.011717921527041358,0.28067721396863565,0.03302375701685366,1.00916618357,1.0153655923627052
65,0.2798095238093333,0.15505941845750262,0.007854384997237238,0.009284686536489208,0.4074808052368395,0.5736024844717391,0.9990000000000001,0.5740165631485508,0.27999999999999997,0.012070898348731002,0.28135938921202724,0.24760568220888035,1.01027327442,0.9976260839075335
580,0.3753333333333333,0.49221238938035666,0.014157014157014158,0.012258992805755396,0.45234681065248333,0.5166666666666667,0.9990000000000001,0.516304347826087,0.3753333333333333,0.021215977377165077,0.4186282076016135,0.5755813953490679,0.9938178065009999,1.0458903283894754
174,0.3343809523806667,0.02619671302149161,0.014252619966898328,0.013979445015410074,0.35039722163636966,0.6682194616978262,0.9904285714290001,0.6682194616992755,0.334476190476,0.017090339847493814,0.2890907086357171,0.035055561920066175,1.0281216675,1.0195812090900196
571,0.31922222222200003,0.02729203539823104,0.010793650793650795,0.011112709832129497,0.3549778242392056,0.6585748792268117,0.9925,0.6582125603876812,0.3188888888893333,0.021098150111940616,0.27926233198301015,0.0379270248596784,1.00260928838,1.020104882101231
306,0.4284848484846666,0.023995172968621588,0.00933972933973402,0.007136690647482014,0.26854851176777783,0.8722002635072464,0.993090909091,0.8722002635036232,0.42848484848533336,0.011911693820487805,0.28390893304976506,0.025103156666906618,1.02169602082,1.0157823804174795
482,0.3443333333333333,0.02687787610619579,0.00889174889175461,0.00841726618705036,0.3332778718839268,0.7014492753623188,0.993833333333,0.7010869565217392,0.3442222222226667,0.011641333804637683,0.2831532574437456,0.03430032076986139,1.01111483639,1.0176622613539401
411,0.33755555555533334,0.02129203539821193,0.018223938223938224,0.017793764988057556,0.33914907538979144,0.6886473429949276,0.9840000000000001,0.6884057971014493,0.3373333333333333,0.035371745021845175,0.2826226766990034,0.028123496391338463,1.02683061743,1.015067265715098
555,0.3085,0.03260707964600615,0.24873444873444875,0.25593525179856114,0.6563454196643912,0.43097826086956526,0.866,0.43106884057971023,0.30866666666666664,0.5503711558854719,0.4982153193129468,0.04615477145150206,1.0543433771600002,1.0075103720008847
439,0.3376666666666666,0.02319292035397409,0.031059631059631065,0.030143884892086335,0.3404338950258401,0.6873188405797102,0.9755,0.6865942028985508,0.3373333333333333,0.0407564510427713,0.2833301176923468,0.030565356856467753,1.0340672980399999,1.0164959607171014
