,EXEC,L3HIT,MEM,L3MPI,INST,GT,Pred
4205,0.6526315789473683,0.8156626506024096,0.4293033226153731,0.0294937917860554,0.29350782843666334,1.09698130347,1.086513750023171
1526,0.16036758563074352,0.7690763052208834,0.4453340478743999,0.1264087870105062,0.6150602314343859,1.0205451063700002,1.0263071186596808
1661,0.1558897243107769,0.8126506024096386,0.4448088603074115,0.13161413562559696,0.6086223452647516,1.0123400425799998,1.0429699171361118
2047,0.15861319966583123,0.8024096385542169,0.44403358342280963,0.12908309455587394,0.6275996267679996,1.04356737843,1.0425330174018836
7594,0.6412698412698412,0.7909638554216867,0.4297534833870774,0.029847182425978988,0.30094538536142534,1.12438666934,1.0870321822257272
3813,0.1439766081871345,0.814859437751004,0.4344551625582117,0.14823304680038202,0.5978916646768369,1.06344578951,1.0508425361543705
2877,0.6307435254803676,0.7777108433734939,0.42897820650247553,0.02952244508118434,0.3135607319898164,1.06661700935,1.0916837062480798
1801,0.8771929824561403,0.9912507171546184,0.3205251875663882,0.015022513303319007,0.45110566990698564,1.41526543674,1.4863308956594397
2283,0.41453634085213026,0.6321285140562249,0.4426330832441739,0.0463658070678128,0.33064913551354996,1.02791494602,1.0254911426100404
2397,0.8792218641854636,0.9860872059668676,0.3033762057875325,0.01838586437440306,0.4499747937878697,1.53131066002,1.5591884652893255
7217,0.25619604567000837,0.5881860776435743,0.8761462427064581,0.1876790830945559,0.6581003498565621,1.21604118442,1.1705231693391296
1231,0.41353383458646614,0.6343373493975903,0.4412575919972995,0.04738299904489016,0.3302236732956835,1.0025677372600001,1.025636818267888
2148,0.28721804511278193,0.6738955823293173,0.4621150410862673,0.07164278892072588,0.48454977285599915,1.0336293174200002,1.0338582980922633
4815,0.1649624060150376,0.7449799196787149,0.4449088960344569,0.1309933142311366,0.6127240971133222,1.00050758954,1.0257074788392684
2152,0.14664995822890559,0.7981927710843374,0.43515541264752955,0.14183381088825217,0.5972261073037711,1.05704486653,1.0379655368300527
2154,0.15331662489557227,0.7849397590361447,0.44238299392656033,0.14006685768863422,0.6185061589612088,1.03484624186,1.0387126083502847
1125,0.4720133667502088,0.7953815261044177,0.45096105752070414,0.042545367717287494,0.42892818562316126,1.03286034693,1.0729242659148472
5425,0.1630409356725146,0.8060240963855422,0.44668453018951293,0.12726838586437442,0.6230439385361994,1.02854736053,1.0443445850459845
5362,0.15323308270676692,0.7947791164658634,0.45866380850320065,0.1371060171919771,0.5866301476692577,1.0406701385,1.0251175168223394
6902,0.2663603453074352,0.547858099063253,0.9140764558774256,0.16396052212679083,0.7287626964595109,1.27872949686,1.250860416986939
3939,0.8913951545530492,0.9919678714859438,0.31613076098582216,0.014698458179823307,0.4435578027824091,1.4933992812999999,1.5053939920252937
4783,0.8989139515455303,0.803012048192771,0.44153269024667435,0.021542502387774595,0.25689975761270917,1.05779362579,1.0769452374151391
3218,0.28387635756056806,0.6789156626506024,0.46354055019666435,0.06895415472779369,0.4791819778674084,1.02241394535,1.0262739046459133
1136,0.41570593149540513,0.6269076305220883,0.4405573419079816,0.047196752626552055,0.3372499356162829,1.00078308536,1.0345558580252725
7726,0.2862155388471178,0.6793172690763052,0.4658163629869474,0.06927889207258835,0.478700465252245,1.02629025437,1.0267210457338227
380,0.5004177109440267,0.8144578313253013,0.4453590568061613,0.038810888252149,0.3825874598280218,1.0516512255200001,1.0656854654820342
5785,0.28738512949039263,0.6949799196787149,0.4650410861023455,0.06421680993314231,0.48169233368699443,1.02395369345,1.0234861043903725
4170,0.414703425229741,0.6451807228915662,0.4423079671312763,0.04294651384909265,0.3345886708498434,1.0203987508,1.023128426106046
3608,0.1622389306599833,0.789156626506024,0.4463093962130927,0.1289875835721108,0.604740521657374,1.04643339964,1.0350148637465162
7480,0.28671679197994987,0.6847389558232932,0.4668917470526855,0.06886819484240687,0.4853859204413706,1.0218051307,1.0284617050597211
427,0.1569423558897243,0.785140562248996,0.4434083601287758,0.13715377268385864,0.6120647502526674,1.03707653891,1.038154692763968
1945,0.48755221386800335,0.8164658634538153,0.42900321543423686,0.03702960840496657,0.38950815954044216,1.09780864077,1.0845067013589378
2464,0.6399331662489556,0.7355421686746988,0.4347302608075866,0.030515759312320916,0.29988061322110715,1.10803696604,1.0839505609568951
4768,0.2858813700918964,0.6588353413654618,0.465291175419959,0.057722063037249284,0.47985697827026724,1.03765478517,1.0257029460175775
4566,0.41993873572848783,0.9968206157961846,0.3745712754556536,0.05635546004465138,0.6421216333068056,1.29228774419,1.2720102985688075
7335,0.15445279866332495,0.8028112449799196,0.4432332976064463,0.1300859598853868,0.6139147849888578,1.03825353825,1.037577269244235
5091,0.8905597326649957,0.8016064257028113,0.4248767416936138,0.02109360076408787,0.26138525457679357,1.14641473159,1.1215573797958205
1901,0.41637426900584795,0.6319277108433734,0.4439335476957642,0.04687679083094556,0.33649071512366074,1.01586395685,1.030587854464724
2609,0.4666666666666666,0.892570281124498,0.43010360843173634,0.039785100286532954,0.4247682461727781,1.12908723568,1.1015817584173502
1544,0.42105263157894735,0.9986613119146588,0.3585863999052728,0.04098615090735434,0.6412444179605075,1.27484198076,1.2568006883332932
1846,0.2248955722639933,0.5548192771084337,0.892318685245049,0.23987583572110793,0.5968632834966324,1.1658203871700001,1.1848630823974398
2765,0.14967418546365913,0.8281124497991967,0.4365309038944039,0.13233046800382045,0.6267282935389331,1.0367256953200001,1.0530165198188914
400,0.8755221386800334,0.7913654618473895,0.4349303322616774,0.02153295128939828,0.2660436011176201,1.07878996732,1.0973155134736576
5096,0.29172932330827067,0.6849397590361446,0.4742943908540458,0.07250238777459407,0.48670219639841655,1.03099830091,1.031101262487917
719,0.8788638262322472,0.7598393574297189,0.4245516255807162,0.020902578796561606,0.2649317846758157,1.13458246384,1.1270522069796372
7487,0.2858813700918964,0.6927710843373494,0.46269024651677837,0.06951289398280804,0.48412964305763484,1.0320129767100001,1.0285567574521401
1937,0.1528487886382623,0.7600401606425703,0.4422329403359922,0.1267430754536772,0.5981920326596243,1.01624893298,1.0133056607520066
1545,0.16517961570593148,0.7568273092369479,0.4443336906039458,0.12492836676217767,0.6071495042007745,1.02740996384,1.024428251456811
3221,0.40751879699248117,0.6309236947791165,0.4352554483745749,0.045663801337153774,0.3366193505980638,1.05173900723,1.0304468123441954
7205,0.22656641604010025,0.532128514056225,0.8950696677387977,0.23968481375358167,0.6184582206704408,1.15920536041,1.2214678925858555
7588,0.422890559732665,0.6445783132530121,0.4801714898179636,0.04839063992359121,0.32846700018476416,1.03601092955,0.9998707206652777
2386,0.4858813700918964,0.8202811244979921,0.424826723830091,0.03600764087870105,0.4094039759744154,1.1292536068999999,1.0965192906382522
3891,0.22055137844611528,0.5395582329317269,0.9083244015723145,0.24016236867239735,0.6002508490483603,1.1965290528899999,1.2107577101369547
6059,0.28487886382623223,0.6744979919678714,0.4641407645589368,0.07088825214899715,0.47661579155920775,1.0315211227399999,1.027252335253186
110,0.9566624895572263,0.994226907630522,0.2768801357628713,0.01198961318051576,0.41515782917176136,1.62004178989,1.6583474605991702
261,0.41921470342522976,0.6343373493975903,0.44085744908911784,0.04570678127984718,0.3297972570748886,1.01741507993,1.0279820809507643
5089,0.16131996658312447,0.7578313253012049,0.4448088603074115,0.1210601719197708,0.6169783156808217,1.0442568188899999,1.0202427720424567
5132,0.2858813700918964,0.6773092369477911,0.4655162558058112,0.0680945558739255,0.4835604854692692,1.01195032706,1.0285168952185193
3364,0.4153717627401837,0.6279116465863454,0.44180778849604924,0.046895893027698185,0.3339325128460742,1.02070968033,1.0305222883223732
7453,0.2868838763575605,0.679718875502008,0.4641157556271755,0.0692932187201528,0.48541687705202685,1.0176913226100002,1.030889691766072
3837,0.28638262322472846,0.6636546184738955,0.46476598785297063,0.07265520534861508,0.4847166863154742,1.01779385231,1.0345361877717707
7370,0.41687552213868,0.6345381526104418,0.4415326902466743,0.04452244508118434,0.33310132652453855,1.0154704351100001,1.0276967510922397
3060,0.4155388471177945,0.6315261044176707,0.44410861021809367,0.047702960840496654,0.3325644127164719,1.01646761149,1.027630833108044
4111,0.4825396825396825,0.8226907630522089,0.4403572704538908,0.03806590257879656,0.42998176335223476,1.09049895411,1.0832485373648697
7407,0.4218880534670008,0.998995983935743,0.3630254852929128,0.0394261381726361,0.6412565346081919,1.25181885546,1.243631918912056
5861,0.2763854079640768,0.5441767068273092,0.9380433488145545,0.18334129258190068,0.7457292405868243,1.1873065687100002,1.2674440027139982
130,0.4162071846282372,0.6407630522088353,0.4405573419079816,0.0467287488061127,0.3322402758619724,0.9987389496150001,1.0274027481749266
4201,0.28421052631578947,0.696987951807229,0.4637656305825165,0.0679512893982808,0.4785999791589814,1.0334523266,1.0228997341820247
604,0.214703425229741,0.5586345381526104,0.8645587709899482,0.22406876790830949,0.5693318278839822,1.13550071658,1.152445798033683
7651,0.29156223893065997,0.6833333333333333,0.5022543765632376,0.07091212989493792,0.4750291663190194,1.0262053966,1.0126043752752025
1291,0.15259816207184626,0.7913654618473895,0.4442086459451391,0.11370582617000954,0.6163701959532375,1.03950480332,1.0169452781742385
4167,0.46599832915622386,0.846987951807229,0.44818506609519404,0.04030085959885387,0.42403962211616236,1.07072607884,1.0674872638546888
1380,0.9113259338847117,0.9890992541596386,0.3151839942836067,0.011959339609765997,0.43457912092276857,1.4890933220299998,1.500644588113492
4050,0.41453634085213026,0.6389558232931727,0.4413576277243449,0.046270296084049665,0.3354482090867324,1.02819190043,1.0283024454833927
5438,0.9251700680284042,0.9869477911646586,0.31739907109746957,0.010376586164541547,0.42690607977250483,1.49343529242,1.4885974081986153
2145,0.6569757727652464,0.7993975903614458,0.44625937834956997,0.026957975167144224,0.30395812584101733,1.05687111106,1.0542025566875337
3684,0.15936507936507935,0.7646586345381526,0.4452840300108772,0.13404966571155683,0.6335485192772321,1.01698504972,1.0332421321688794
1382,0.6464494569757727,0.7676706827309236,0.4410075026796859,0.029765998089780324,0.31738415137177545,1.06802134628,1.079202766868048
4800,0.49607351712614867,0.8317269076305221,0.4406323687032656,0.04185768863419293,0.39692303185755434,1.0722800884600001,1.0845715528671818
7880,0.28755221386800334,0.6959839357429719,0.4647409789212093,0.06815663801337153,0.48700219710961995,1.0127295274099999,1.0285456361347907
7428,0.26037315511027564,0.5967202141897591,0.8259199714186588,0.19906080865974213,0.6314889765676887,1.1012177727399999,1.1404910068228593
6293,0.8922305764411027,0.7863453815261044,0.43137906395156533,0.02095510983763133,0.2617262479867364,1.10310553633,1.1060917179408238
779,0.4208855472013367,0.6267068273092369,0.47827081100410085,0.04856733524355302,0.3329756765826132,1.0329493623200001,1.0101801666307424
1686,0.16317460317460317,0.7742971887550201,0.44765987852820566,0.12831900668576884,0.6142719307335583,1.03144488324,1.0312218708656586
7166,0.22472848788638258,0.5552208835341365,0.8903179707041409,0.23591212989493796,0.630384326004144,1.16486349044,1.2014585451935398
1790,0.6593149540517962,0.8102409638554218,0.4422329403359922,0.027163323782234957,0.2974789065378305,1.05432644817,1.0588871044820924
2831,0.2596769702030075,0.5580655957158634,0.8400916994163417,0.17351162050310412,0.672589286804647,1.11690929818,1.195526542101505
6408,0.16317460317460317,0.7660642570281124,0.4439335476957642,0.13118433619866285,0.6172427965122071,1.00581907825,1.032689095458819
6428,0.638095238095238,0.8236947791164659,0.43030367988582724,0.02802292263610315,0.3067970380632729,1.1352749085299998,1.0828533564716698
5434,0.16678362573099415,0.7534136546184739,0.4469346195071265,0.12564469914040116,0.6199830134312848,1.01906028986,1.027214561180136
3945,0.2644110275689223,0.545850066934739,0.889275931881168,0.17864533588037249,0.7145482281598826,1.28700569582,1.240700447861502
6448,0.42829295460902256,0.9978246318604417,0.3966208169581625,0.045407513530802295,0.6574853649635041,1.17554519367,1.1937390110317652
3605,0.4143692564745196,0.6289156626506024,0.4409574848161632,0.04681470869149952,0.33163744189893135,1.01780196049,1.028399990319069
7226,0.4090225563909774,0.6355421686746988,0.44063236870326566,0.03549188156638014,0.3351023619880483,1.05874965657,1.0187137921014915
4172,0.1695739348370927,0.7781124497991968,0.4467845659165584,0.1248806112702961,0.6217138553888053,1.01428689655,1.0375082742490216
3690,0.2619047619047619,0.5811579651937752,0.8159163987141179,0.19209646609360076,0.6577008000613779,1.15698085171,1.1599315751625676
2827,0.28654970760233917,0.6849397590361446,0.46546623794228853,0.06954154727793696,0.48578049712785715,0.994055365907,1.0295570223867667
5951,0.26468950153132825,0.5689424364126505,0.8715612718831266,0.1975087551735912,0.6785727438713957,1.22594204156,1.1976998410873487
7207,0.8989139515455303,0.7975903614457831,0.44033226152212945,0.022445081184336198,0.25555716460443384,1.0617092291799999,1.0835954940408172
4565,0.27457532720718464,0.5413319946455823,0.8817732523527624,0.17108404966571156,0.7825597025552716,1.20305721138,1.2435015336700395
4052,0.16290726817042606,0.7572289156626506,0.44308324401587823,0.13271251193887296,0.6213063132823073,1.02710186589,1.031559775470077
2276,0.15204678362573099,0.7969879518072289,0.4401822079315613,0.1451766953199618,0.6215475561808145,1.05511398481,1.0494265267480656
2274,0.16436925647451964,0.5371485943775101,0.8723949029422552,0.2247691817891595,0.7214532726260597,1.2473234790799999,1.237016412507971
2280,0.26468950153132825,0.5522088353413656,0.8871918542339718,0.17916268704226362,0.7142434696134026,1.27311598032,1.230826368318898
1784,0.41804511278195483,0.6321285140562249,0.4418578063595719,0.04738777459407832,0.3353224727813335,1.0112473060200002,1.0324888352395523
4805,0.027409941520467832,0.6750334672018071,0.8707276408239981,0.6929321872015282,0.834188942785363,1.2006861901700001,1.1920101632147495
2834,0.46649958228905597,0.8291164658634538,0.4471096820294559,0.04280802292263611,0.4259455187379267,1.04555097778,1.0748585328843978
4769,0.27786131996658314,0.6670682730923695,0.4543372633084867,0.07287965616045845,0.493092673765854,1.08330753016,1.036025087162652
7484,0.26622110832664997,0.5431726907630523,0.8974038347036075,0.16205030245152818,0.7187748771753807,1.2915028702200002,1.248703075512231
3756,0.4120300751879699,0.6327309236947791,0.4414076455878676,0.047344794651384914,0.33066615182713355,1.03225990646,1.0252826407222764
1238,0.19322114810860483,0.9591222030983936,0.3200071454100822,0.044692318187917864,0.5123684828575702,1.46626707636,1.137792057986728
1001,0.4858813700918964,0.8453815261044177,0.4487102536621825,0.04029608404966571,0.40979237691944537,1.05490643583,1.0695687829376697
5946,0.26858813700918965,0.5528781793845381,0.9267893295231964,0.18290353390639924,0.7329564812384006,1.2178845886299998,1.250095224073286
4827,0.8771929824561403,0.7698795180722892,0.4476348695964443,0.022535816618911176,0.2641556573531971,1.12499683789,1.0714310998319738
6925,0.9022556390977444,0.9875215146295181,0.3088067166844619,0.014026470186938873,0.4387206264305984,1.53064304677,1.529109999208901
101,0.22355889724310776,0.5463855421686747,0.9150768131478797,0.2443648519579752,0.5998614211603457,1.22622313861,1.2064634091606883
266,0.28638262322472846,0.6965863453815261,0.46166488031456293,0.07038681948424069,0.4843269674586983,1.0188681079200002,1.0295937161591522
4155,0.2870509607351713,0.6716867469879518,0.46351554126490296,0.06755491881566379,0.4828053188535117,1.03004387695,1.030474795612559
7448,0.6517961570593149,0.7947791164658634,0.44540907466968394,0.02925501432664757,0.3104573911934303,1.05109604812,1.0643440035832614
4672,0.5029239766081871,0.8905622489959839,0.45033583422667034,0.03833333333333334,0.40699523263043574,1.0625508689399998,1.0709916324531106
1840,0.6466165413533834,0.7791164658634537,0.44638442300837666,0.02886341929321872,0.3140386533021518,1.0498538045299999,1.0636507336381635
1145,0.265107212475355,0.5711178045512049,0.8177920685962193,0.199936326010745,0.6854676557234036,1.13732738676,1.179082083751517
226,0.41453634085213026,0.6263052208835341,0.44023222579508403,0.043471824259789876,0.3296590255300937,1.01578922012,1.025973562100331
5424,0.8688387635756056,0.7785140562248996,0.43010360843173634,0.02221585482330468,0.26354820763286596,1.1415995877200003,1.1114280573897504
7649,0.6491228070175439,0.8090361445783132,0.44205787781366274,0.028615090735434577,0.31155500814547143,1.12832232516,1.067833850901807
783,0.2658033973826232,0.5851740294508032,0.8951113492913165,0.2216650748168577,0.6643467937292495,1.18526710311,1.1876339303952381
2928,0.15396825396825395,0.8170682730923694,0.4420828867454241,0.13634192932187203,0.6188375597705871,1.05469131917,1.0514441217614436
5948,0.4165413533834586,0.6405622489959839,0.44283315469826473,0.04589780324737345,0.3370704815062309,1.00204602483,1.02903983470349
2753,0.2637148426624895,0.5742971887550201,0.8665594855308562,0.2175660617638491,0.6679381469849675,1.21042096513,1.1899505837242574
705,0.9318534431328319,0.9858003442339357,0.3207574133616723,0.01310547141492359,0.42477190098766654,1.4358875425100002,1.4922508710142244
5092,0.14116959064327483,0.8180722891566264,0.4306538049304861,0.1267430754536772,0.5885422618115844,1.08066744013,1.0290220261379401
5696,0.6484544695071011,0.8194779116465863,0.4218256520187288,0.027406876790830946,0.289143256106865,1.0929387526899998,1.0919985619401762
3604,0.2857142857142857,0.6757028112449799,0.4635655591284257,0.06894460362941739,0.4849015437736259,1.0285921567899998,1.0305949113112485
4163,0.26093010303508773,0.5885207496656627,0.8275872335356654,0.2070598535499045,0.661135950967182,1.16623781997,1.159981851538924
6134,0.6469507101086048,0.7939759036144578,0.4431832797429236,0.028787010506208213,0.31321180944694443,1.04472341759,1.0674746749855923
1892,0.26622110832664997,0.5431726907630523,0.8932356794092152,0.16825851639613182,0.7248641693222089,1.2455556356,1.247204256172095
131,0.1550375939849624,0.8106425702811245,0.43983208288690245,0.13314231136580706,0.6188498169856498,1.01667379969,1.047369953612826
5869,0.6549707602339181,0.7997991967871486,0.45051089674899986,0.0296800382043935,0.3145805373538887,1.04422456071,1.0582690117165012
4203,0.41319966583124473,0.6437751004016065,0.4419078242230946,0.04778892072588348,0.3371701320347362,1.03085714504,1.0283698178972345
262,0.23308270676691725,0.5803212851405622,0.8861498154097486,0.21482012098065903,0.6161068972313399,1.1917146702099999,1.169658456640035
7160,0.40183792815371766,0.9963855421686747,0.43805644873184635,0.06021489971346705,0.6537917436095232,1.14427927934,1.1503080968920174
3539,0.9772049170509607,0.992685025817269,0.31655948553173147,0.013183926865878702,0.4049987897366826,1.45580572243,1.525040405888055
7216,0.23659147869674185,0.5008032128514056,0.9205787781353771,0.2004775549188157,0.6584497075206465,1.2931973439,1.309312049457745
1803,0.2550821498187134,0.5749665327981928,0.8755210194124243,0.20526902260434574,0.6558147837933441,1.16424070518,1.1868699313124855
4770,0.6569757727652464,0.8228915662650602,0.4355305466239498,0.026532951289398282,0.2926734529056023,1.08449074471,1.066771532422438
105,0.5055973266499582,0.8538152610441767,0.4435083958558212,0.03385386819484241,0.4124430244638173,1.07491308768,1.0722995941177182
1658,0.9508145363408521,0.9941014056224899,0.28086593426233686,0.010130133715377269,0.4172626356680491,1.58648192037,1.6314162660349263
774,0.6491228070175439,0.7744979919678715,0.4695927116829116,0.031466093600764085,0.3029072225990341,1.05136872561,1.0220139279498197
593,0.8955722639933166,0.781726907630522,0.42267595569861477,0.020353390639923592,0.25484936048167534,1.1833463891399998,1.124582077484859
4809,0.28504594820384294,0.6803212851405622,0.46709181850677634,0.07023400191021968,0.47974731371376755,1.02356456031,1.026281303831611
4808,0.885547201336675,0.7698795180722892,0.4341050375135527,0.02138013371537727,0.2654849015787487,1.0809237001899998,1.104117998949987
5777,0.6449456975772765,0.8046184738955824,0.44493390496621826,0.030501432664756446,0.3166771331357803,1.04963002827,1.0688742714244697
402,0.8752834467084378,0.989672977624498,0.31723829939275355,0.012153772683858645,0.4532531108804432,1.45931380357,1.481712849599373
6135,0.8946174961236424,0.9918244406194778,0.31750625223269646,0.013095238095248329,0.4421880073596093,1.46872673861,1.4937431482347545
5121,0.42328042328070176,0.9983266398925702,0.3705698463738373,0.04618354027387775,0.6591659092081075,1.1628966924200002,1.245031767875024
7171,0.2248955722639933,0.5329317269076306,0.8950696677387978,0.2438395415472779,0.6162025724045036,1.18399526318,1.217967080109845
5864,0.2255639097744361,0.5305220883534136,0.8958199356916383,0.2430276981852913,0.618334991045438,1.17433591073,1.222383092181294
2463,0.2887218045112782,0.6771084337349398,0.465216148624675,0.06959407831900669,0.48789429278606633,1.0124422392499999,1.0333093846124655
370,0.2571707045388471,0.6035809906295181,0.8200845540072598,0.1871219356893505,0.6444399308463596,1.20222039206,1.1339456296360682
405,0.22573099415204675,0.5483935742971888,0.8760628796001702,0.2332378223495702,0.6183762479847414,1.16010221939,1.1955407698076623
2467,0.41854636591478694,0.6285140562248996,0.4425330475171284,0.047368672397325694,0.32974288440218114,1.02403230198,1.0289543913280539
412,0.652297410192147,0.8116465863453816,0.43490532332991605,0.029278892072588346,0.30412870788025637,1.0542651339799998,1.0806975255694156
3681,0.4143692564745196,0.6435742971887549,0.4403822793856521,0.04439350525310411,0.3388699818363004,1.02724435422,1.0289803349451307
602,0.2731829573934837,0.5500334672018072,0.9563832321078801,0.18513212352745942,0.7542090519853061,1.1797786251,1.2694181885259639
1007,0.41617933723224726,0.998995983935743,0.3522716446355314,0.03960920089135626,0.6387515915358046,1.3053802840200002,1.2631685497196976
3229,0.8558061821219716,0.7357429718875502,0.42825294748139636,0.01845272206303725,0.25164317749928705,1.12469912133,1.1022206213543753
7164,0.41670843776106936,0.6397590361445783,0.44263308324417383,0.04698662846227316,0.3334362608972177,1.00186371229,1.02754509886454
1844,0.4150375939849624,0.6232931726907631,0.4430332261523555,0.04634192932187202,0.33474140987337425,1.03874061196,1.0309762936943179
129,0.9324352548036758,0.9917168674698795,0.2818350303680892,0.012774594078319008,0.4252116674387558,1.55979163341,1.6324666742148075
1295,0.1605346700083542,0.8084337349397591,0.4426580921759352,0.13080229226361031,0.6282133731115823,1.0308899473,1.0494960717817485
1854,0.23141186299081032,0.4815261044176707,0.8873168988927786,0.19866284622731617,0.6346613528526049,1.32354114014,1.3026255543059415
260,0.41453634085213026,0.6642570281124498,0.43945694891048215,0.04539159503342885,0.332601768777958,1.03058416794,1.021555141555783
1929,0.42005012531328323,0.633132530120482,0.44278313683474196,0.04640878701050621,0.32976009287888103,1.01867276989,1.0279001222123914
1537,0.28738512949039263,0.6771084337349398,0.46506609503410684,0.0703199617956065,0.48268803795294185,1.0274183241600001,1.030601356695594
1939,0.28755221386800334,0.6742971887550201,0.46386566630956194,0.06592645654250238,0.4855621020939723,1.03282075528,1.0304989944400043
2042,0.28538011695906434,0.6710843373493975,0.4671168274385377,0.07009551098376314,0.48020408084016775,1.0259919492799998,1.0282050694772276
3219,0.22840434419381786,0.5248995983935744,0.9068238656666334,0.24197707736389687,0.6029819570601436,1.17097155536,1.2275164041350761
6703,0.2882205513784461,0.6899598393574298,0.46391568417308465,0.06764565425023877,0.48762780229986746,1.03662853545,1.0301764808197593
1150,0.2658033973826232,0.5289491298524096,0.8692687864720863,0.17255651066547278,0.7064540087462953,1.2231772058,1.2528856264038144
5135,0.22690058479532163,0.5479919678714859,0.8840657377638028,0.2289398280802292,0.6445096485629503,1.17323243517,1.2133186944488068
636,0.1642439431913116,0.7696787148594377,0.47094319399802465,0.13438395415472779,0.5971483265110554,1.03474567574,1.0219703882828772
6779,0.2858813700918964,0.674698795180723,0.4658663808504701,0.06807545367717288,0.48084486851794267,1.01120866906,1.0275905780449885
639,0.40601503759398494,0.9973895582329316,0.438531618435312,0.04882999044890162,0.6515385543803608,1.14071965411,1.1169540696073208
2466,0.2694235588972431,0.5291164658634538,0.9021972132907832,0.17920248328557783,0.7412473449255601,1.2136103671,1.2732356716407807
3695,0.22138680033416874,0.5044176706827309,0.848302965345069,0.19694364851957974,0.5869208526147487,1.40373723683,1.2221331811351746
1896,0.15861319966583123,0.8050200803212851,0.4447588424438888,0.13276026743075453,0.6257818181610151,1.0283676262700001,1.046579411066358
1219,0.28538011695906434,0.6863453815261044,0.46589138978223144,0.0697134670487106,0.4873360073405203,1.01351905941,1.0291832909134218
4777,0.2694235588972431,0.5356425702811245,0.9174109801114388,0.18222699777148996,0.742416661711608,1.2050502597600001,1.2717568488946949
6050,0.4150375939849624,0.6351405622489961,0.44363344051462794,0.04833810888252149,0.3277155852394996,1.02454995869,1.0234481671594224
5943,0.8989139515455303,0.809437751004016,0.4263272597357721,0.0214756446991404,0.2546493217371842,1.1142319182,1.1163069582767498
7584,0.29139515455304926,0.6734939759036144,0.49862808145784165,0.06839541547277937,0.47447323706020395,1.04452586601,1.015065145384943
7401,0.22723475355054304,0.5542168674698795,0.8948195784211843,0.23328557784145176,0.618113640272533,1.1657872125700002,1.1996930199731743
4573,0.4158730158730159,0.6465863453815262,0.44303322615235546,0.043772683858643746,0.3372025612938437,1.03108782219,1.0255228784699542
1228,0.26399331662489556,0.557563587683735,0.8407169227116258,0.2065425023877746,0.7008016735909824,1.16181328262,1.2049037706536725
5120,0.4153717627401837,0.6327309236947791,0.44240800285832166,0.04574021012416428,0.33570306616715667,1.0113507769,1.0294393137606648
7218,0.928511755580618,0.9913941480210844,0.3142550911049712,0.014149270023185292,0.42642933041832326,1.50115456536,1.5221615017986299
2763,0.14360902255639096,0.7953815261044177,0.43815648445889177,0.15544412607449856,0.6064694695319457,1.0414384773999998,1.0459678968946855
3370,0.28487886382623223,0.6869477911646586,0.46366559485547115,0.06970869149952244,0.4785999791589814,1.02759412056,1.0258555551724715
1788,0.9044038668086885,0.9911072862881527,0.3130403715615624,0.013139582480563515,0.43770753651376076,1.50250235472,1.512577832851987
4686,0.26608187134502925,0.5824966532801205,0.818417291890253,0.20323941419937916,0.6734964591894348,1.1542451916399998,1.1663475328861623
1494,0.2847117794486215,0.7016064257028112,0.4628403001073465,0.06839541547277937,0.47855928716271673,1.02105097699,1.0233997422272545
3903,0.8671679197994987,0.7379518072289156,0.43705609146139224,0.022683858643744028,0.2704759431742097,1.1182335477299998,1.1074610477168652
3369,0.41645781119465325,0.998995983935743,0.3553560795519312,0.03648519579751672,0.6484625389733295,1.2778907074299999,1.2444512744441547
7170,0.16574770258980784,0.7823293172690763,0.4460342979637178,0.09827602674307545,0.6229820899597043,1.0384684173799998,1.0130546380072116
4569,0.1662823725981621,0.7600401606425703,0.4469096105753651,0.12908309455587394,0.6211191052409252,1.01305010972,1.031611544170471
3750,0.15483709273182958,0.789156626506024,0.4431082529476395,0.13605539637058262,0.6153468934932781,1.0435284812899999,1.0377003225998305
621,0.4216095795045948,1.0,0.35012504465893185,0.031403215536532955,0.6242123424961483,1.30108220121,1.2490941606522648
5131,0.4137009189640768,0.6373493975903615,0.4418828152913333,0.047063037249283665,0.3310127382259002,1.01188392794,1.0249786495217357
1149,0.42328042328070176,0.9986613119146588,0.36292128141099067,0.045885068449617955,0.6501259195946043,1.1928109547799999,1.2623523010729893
3361,0.45012531328320793,0.8329317269076305,0.4350553769204841,0.04210124164278892,0.4415914610718836,1.0992821137100002,1.0893656990229625
4583,0.1553550543024227,0.8118473895582329,0.4414076455878676,0.1348137535816619,0.6190130476922148,1.02740148389,1.0491207017655382
3900,0.4258264709390142,0.997991967871486,0.3061271882812812,0.060884841042502386,0.6267726130976986,1.45516844329,1.4336263385205021
1851,0.13817878028404343,0.758433734939759,0.42930332261537313,0.15606494746895894,0.5698409730597805,1.07531476667,1.010378806934397
5126,0.2637148426624895,0.5515394912981928,0.9149100869365541,0.18306271887941739,0.7523175875833789,1.21091473233,1.2491130522714076
4678,0.4150375939849624,0.6281124497991968,0.4427331189712193,0.04709169054441261,0.33381731307397733,1.03687954491,1.029677238447632
100,0.2862155388471178,0.6947791164658635,0.46314040728848277,0.06821394460362942,0.48008262207687913,1.0324669576899999,1.025634318994777
812,0.28404344193817876,0.6793172690763052,0.46284030010734656,0.07045367717287487,0.4770700001516436,1.0379572156,1.0264868762668475
3838,0.9039264828738514,0.8124497991967872,0.42837799214020306,0.01784622731614136,0.2535705178385181,1.0871210527,1.097119724332901
632,0.6598162071846282,0.8210843373493976,0.44961057520559117,0.029016236867239732,0.3011371545588651,1.09157560949,1.0504807605742994
2149,0.1548203842940685,0.7993975903614458,0.44098249374792464,0.1300859598853868,0.6145734623755786,1.0501507183299998,1.0376875309501148
3827,0.2607908660543024,0.5963855421686747,0.819876146242165,0.19611588666021967,0.701522122681763,1.1958035160299998,1.1569802082649683
1129,0.6472848788638262,0.7431726907630521,0.4373311897107672,0.029918815663801335,0.28965839254310366,1.0809593852200001,1.0732019205203802
7155,0.2852130325814536,0.685140562248996,0.4639657020366073,0.07105062082139446,0.4819416613958393,1.02565681475,1.0285418753698798
7165,0.6422723475355054,0.8038152610441767,0.4214505180423085,0.029775549188156645,0.30491609011041687,1.11278966369,1.1054831584254672
5439,0.22372598162071844,0.5383534136546185,0.8983208288677736,0.2272683858643744,0.5994581529780529,1.1529771042399999,1.210024100386828
7222,0.4576441102756892,0.8728915662650601,0.4469096105753651,0.04034383954154728,0.43590479135565413,1.0639241439799998,1.0718172683667087
3399,0.28538011695906434,0.6939759036144578,0.46359056806018706,0.05466571155682903,0.4822575851332342,1.03295251879,1.0171895119356953
4577,0.41804511278195483,0.6321285140562249,0.44333333333349173,0.04657593123209169,0.3339457167678019,0.999461895557,1.0298467670163292
2842,0.15886382623224726,0.8156626506024096,0.44505894962502507,0.1319961795606495,0.6264590549792346,1.03872249085,1.0507840479056818
4166,0.28487886382623223,0.6781124497991968,0.46704180064325374,0.0705062082139446,0.48501778972152887,1.0260240619299998,1.0291197219536057
1659,0.41993873572848783,0.9984939759036146,0.3636507085869466,0.04516077682258835,0.6622649406167356,1.2610412353899998,1.2527452723296029
7396,0.28671679197994987,0.6755020080321285,0.4646409431941638,0.06847182425978987,0.48330580333460765,1.0240442012200002,1.0298427451323446
3224,0.41086048454469504,0.6353413654618474,0.4407574133620724,0.04691499522445081,0.3398912171645658,1.02877107598,1.0310817961527647
1003,0.26468950153132825,0.5495314591696787,0.8719780874133161,0.1727952881248806,0.7147728157266799,1.28511128075,1.227289164232526
5619,0.8738512949039264,0.7514056224899598,0.4236513040373075,0.021413562559694364,0.26394082724417206,1.17947289283,1.130887698285595
4647,0.28404344193817876,0.6779116465863454,0.46486602358001605,0.07108404966571155,0.48447401487581704,1.02854706955,1.0296121836629801
7450,0.8764619883040936,0.9879518072289157,0.28202259735629936,0.012846227316141354,0.45219971403218884,1.60165767389,1.60416686390888
4801,0.9374627043776107,0.9918244406194778,0.3089674883879274,0.011553417928772685,0.42285130460069825,1.55491647149,1.5308886735797984
143,0.4178780284043441,0.6387550200803213,0.4399571275457092,0.04675262655205349,0.3281391205758052,1.01332706017,1.02621893792663
2764,0.8888888888888888,0.7759036144578314,0.43965702036457294,0.022292263610315187,0.25578571440569536,1.05611931771,1.0870248322992704
2460,0.1418546365914787,0.8024096385542169,0.4307038227940088,0.15396370582617,0.5942578559667177,1.05766525665,1.0470244660686197
1935,0.8755221386800334,0.7905622489959839,0.4321543408361673,0.019737344794651383,0.26211227961504135,1.12548677432,1.0962569639085342
3402,0.4908939014202172,0.8182730923694779,0.4382065023224145,0.040587392550143264,0.41981996063202315,1.08725895398,1.0919277116254398
5426,0.2566137566140351,0.5990629183403614,0.8542634274140244,0.2162925819801815,0.6843155586612458,1.20583171748,1.1654069409729626
7472,0.13652464494569758,0.7967871485943775,0.42682743837099923,0.1430754536771729,0.5893275451779454,1.07773420188,1.0287847004010566
4105,0.28538011695906434,0.672289156626506,0.4656913183281406,0.07186723973256925,0.4822177952896719,1.031706442,1.0304613967190923
628,0.8782670963157893,0.9890992541596386,0.3298320828875776,0.014053759039422159,0.4507087870823994,1.53411363379,1.44951609373957
3064,0.41966026176524646,0.9988286479246987,0.3598160057164558,0.04129656160458453,0.64592581087362,1.24688280287,1.253281686609597
3759,0.894259458170426,0.9903901319568275,0.3170239371210493,0.013160049119937917,0.4436032694264558,1.46258796065,1.4947931428411811
3544,0.47401837928153717,0.8606425702811245,0.4432332976064463,0.041824259789875834,0.4335438249219026,1.0621791045,1.086276430191603
6905,0.45714285714285713,0.9140562248995984,0.43743122543781254,0.0353629417382999,0.4420097679362925,1.10898990619,1.082675833648266
7180,0.1655137844611529,0.7497991967871486,0.4459842801001951,0.13227316141356257,0.6256437002815902,1.01990784165,1.031089373652486
6916,0.16900584795321638,0.7755020080321285,0.44708467309769456,0.09782234957020057,0.6240750454971359,1.01015787606,1.0136586478614955
4059,0.2818713450292397,0.672289156626506,0.46424080028598225,0.07212034383954155,0.47586045968486035,1.03936087903,1.025833842820578
3601,0.4990810359231412,0.8389558232931728,0.44273311897121925,0.03760267430754537,0.38880789676123934,1.06978799978,1.0698516585546578
1531,0.4150375939849624,0.633132530120482,0.441507681314913,0.047211079274116524,0.33533949263692886,1.03269101093,1.0304955505008677
4137,0.2302422723475355,0.5299196787148595,0.8963201143268654,0.23242597898758358,0.620432264809564,1.1357180703,1.2282075627284998
5783,0.8616780045363408,0.9847963281696787,0.31350482315088013,0.012815527357067813,0.45991371130933667,1.53440152199,1.4898674285382256
1842,0.1434252297410192,0.7700803212851406,0.43170418006446293,0.14680038204393506,0.589789198704134,1.0725130977,1.0228878374621604
409,0.4150375939849624,0.6329317269076304,0.4405573419079816,0.045687679083094554,0.3325977366386861,1.03687020438,1.0280700469277255
7152,0.28654970760233917,0.6742971887550201,0.4668167202574015,0.06929799426934098,0.48889738728991544,1.01442934154,1.0319980451357638
1848,0.41604010025062654,0.6363453815261044,0.44083244015735645,0.05314231136580707,0.333695144237031,1.02516161473,1.0338245314264731
5710,0.2678919521027569,0.5326305220883534,0.9274145528172302,0.17132282712511937,0.7462436740888615,1.16219596637,1.282821633650495
7884,0.2617655249231412,0.5982262382861446,0.8655174467066329,0.20841292581972304,0.6846370091598563,1.19668382271,1.1672497925649585
769,0.28989139515455303,0.6734939759036144,0.49425151839960496,0.07027698185291309,0.47388830260761217,1.03555589191,1.016694407563349
7372,0.49189640768588133,0.8612449799196787,0.4334798142195189,0.03888252148997135,0.405433881790167,1.0477386089299998,1.0935202451908748
3056,0.2880534670008354,0.6857429718875502,0.46551625580581124,0.07063514804202484,0.48379442360893965,0.997838194978,1.030188049592097
4110,0.41069340016708433,0.6345381526104418,0.4428331546982647,0.047483285577841455,0.3317916454315108,1.0418737801200002,1.023989249844459
7424,0.2652464494569758,0.6035809906295181,0.8680183398827681,0.1998567335243553,0.6755568402074603,1.21064374974,1.1574302370054252
7175,0.4137009189640768,0.6377510040160642,0.443208288674685,0.03988061127029609,0.33166519434592495,1.04143646054,1.0194305903672078
4578,0.4776942355889724,0.8275100401606427,0.4258270811005452,0.04139446036294174,0.3985192685329286,1.13546039135,1.0984450741823464
2470,0.15538847117794488,0.8032128514056225,0.4404322972491748,0.14651384909264567,0.6183262822245617,1.03181227112,1.056683016299467
1290,0.4137009189640768,0.6379518072289156,0.4426080743124125,0.049063992359121296,0.3357118420296032,1.0262516041399998,1.0293291608141202
6689,0.2818713450292397,0.6730923694779116,0.4671168274385377,0.06998567335243554,0.4967178283816437,1.07413227045,1.0328460285959136
2469,0.2857142857142857,0.6967871485943776,0.46424080028598225,0.06427889207258834,0.48245004316676127,1.01101701994,1.022923334295303
5859,0.8922305764411027,0.8076305220883534,0.4290532332977596,0.020873925501432664,0.2597920396584722,1.1377424062100001,1.1082824147639685
3938,0.41453634085213026,0.6236947791164659,0.44403358342280963,0.04635148042024833,0.32932304417147706,1.0252671089799998,1.0257217370911103
7227,0.1656140350877193,0.7610441767068273,0.4469846373706492,0.12421203438395417,0.6149692301791027,1.02297763738,1.0263402814824172
6451,0.15822890559732666,0.7997991967871486,0.461314755269904,0.14097421203438396,0.6084050796270578,1.0280535015999999,1.0400135299887843
715,0.2887218045112782,0.6708835341365462,0.46171489817808564,0.06918815663801338,0.48106667179899754,0.99681295562,1.0325525236759345
5100,0.4130325814536341,0.6313253012048193,0.4422329403359922,0.04786532951289398,0.33420874645904014,1.0326731198799999,1.0287655106401288
1230,0.26719576719548865,0.5473560910311245,0.879272359176627,0.17641674625907355,0.7334402910815527,1.22392444043,1.2353205499966937
1123,0.16240601503759397,0.7602409638554217,0.4437584851734347,0.12860553963705826,0.6113332163154368,1.02914968463,1.02670640052342
2282,0.1642439431913116,0.7881526104417671,0.445834226509627,0.13280802292263613,0.6134874673476857,1.06037810447,1.0420782197947842
2151,0.414703425229741,0.6393574297188755,0.4419578420866173,0.04601719197707737,0.33779626850409045,1.02876870802,1.0294601958877423
6927,0.6467836257309941,0.8170682730923694,0.4460342979637178,0.028471824259789877,0.3111160688929583,1.03854897673,1.0580374375052681
7727,0.038514202172096904,0.6370481927710843,0.8842741455288975,0.47986310092406886,0.8718314887757216,1.18770031411,1.127079306110149
1947,0.41570593149540513,0.6377510040160642,0.4411325473384927,0.04631805157593123,0.3306995346265876,1.03410355377,1.0259028372703278
6301,0.28137009189640766,0.6825301204819276,0.4645409074671184,0.05432187201528176,0.4767590077038144,1.0339851606000001,1.0143313436331889
1389,0.2598162071846282,0.5885207496656627,0.8240443015365574,0.19746895893027697,0.6366607957209708,1.13429057048,1.1491453935975895
7586,0.8762531328320802,0.9871987951807228,0.3060468024295484,0.014046084049665711,0.45220378224301294,1.5720640418,1.5280331797981568
800,0.41921470342522976,0.6323293172690764,0.43998213647747053,0.04700095510983763,0.32947654661419984,1.01374920534,1.0297535440380274
1220,0.15889724310776943,0.7656626506024096,0.4425580564488898,0.13276026743075453,0.6024147375193014,0.98529514495,1.0266146223219068
2458,0.2893901420217209,0.6751004016064257,0.46374062165075514,0.06977077363896847,0.47980936505347377,1.01663005428,1.0311798227789346
3065,0.4115288220551378,0.6259036144578313,0.43740621650605127,0.04710124164278892,0.3400008241355959,1.0599290963899999,1.0362762307573223
6402,0.8632295023308268,0.9885255306937751,0.3183815648443438,0.014121981170702007,0.4595388835083844,1.45038773747,1.4823389055000753
4142,0.2566137566140351,0.5210843373493976,0.8500952721208824,0.18095351798782236,0.6953347404008449,1.29949471709,1.251101654645285
5430,0.2843776106934001,0.6748995983935743,0.4659163987139928,0.0691069723018147,0.4887696332079489,1.0327444395799998,1.030698933325684
5949,0.21102756892230576,0.5600401606425702,0.8818149339052811,0.23400191021967526,0.5518744954092617,1.09187028204,1.145221134150268
4150,0.14085213032581453,0.8128514056224899,0.42730260807446496,0.15477554918815664,0.5831418597562009,1.07618857345,1.0516346455618357
5871,0.2843776106934001,0.6843373493975904,0.4647159699894479,0.07122731614135626,0.48188601698843403,1.02247493631,1.0278473862868789
7873,0.28638262322472846,0.6907630522088353,0.4660414433727996,0.06788920725883477,0.48024926704779985,1.0242937469700002,1.0247838056978318
5626,0.285547201336675,0.679718875502008,0.4647909967847319,0.0690878701050621,0.47855928716271673,1.04692784966,1.0264893766763679
1943,0.8972431077694236,0.7246987951807229,0.43938192211519805,0.02184813753581662,0.24977510275654727,1.0795966429000001,1.096432347710262
5706,0.16462823725981618,0.7534136546184739,0.4468595927118424,0.13175740210124165,0.6146573721419836,0.999915046357,1.0284489255825924
7364,0.16324143692564744,0.7738955823293173,0.4462593783495699,0.1267956064947469,0.6063225481418868,1.01011375927,1.0287788487927017
6416,0.27819548872180444,0.6791164658634539,0.45446230796729353,0.06952244508118434,0.49758664741071956,1.10831244936,1.0347059822202662
613,0.27151211361737676,0.5528781793845381,0.9597177563418935,0.17343202801647564,0.7794364671803903,1.2084576016700002,1.2659337275341
810,0.4193817878028404,0.6327309236947791,0.44183279742781056,0.04102196752626553,0.33145889218384467,1.0114391658,1.025796984756514
4673,0.16865497076023392,0.7865461847389558,0.4480600214363873,0.12392550143266477,0.6272546659721342,1.0169708436,1.0390199514838683
3936,0.41570593149540513,0.6283132530120482,0.44218292247246954,0.04910219675262655,0.32969672023908947,1.0129072724200001,1.0285733740319656
2159,0.3954887218045112,0.9925702811244981,0.47807073955001,0.09713467048710604,0.6591711497817955,1.1914859818799999,1.1848102855032612
4654,0.2623224728487886,0.5866800535471888,0.8628081457666534,0.21482012098065903,0.6766102552620769,1.2287793342,1.1779904379697355
1923,0.15321637426900583,0.7807228915662651,0.4410575205432086,0.14584527220630372,0.6175141521822368,1.02826253189,1.0418660248903535
622,0.26246170983040934,0.5803212851405622,0.8676015243550795,0.21418338108882523,0.6665736547387247,1.2002222893,1.1830125012585277
7658,0.29239766081871343,0.684136546184739,0.5049553411934636,0.07028175740210124,0.47855100750450896,1.02723849455,1.0129492402081934
3368,0.16715121136173766,0.7447791164658635,0.4452340121473545,0.13147086914995226,0.6161693129687824,1.0118777221700002,1.0287904267897772
6459,0.9400584795321638,0.9949799196787149,0.3027331189711693,0.011997373447946514,0.4210907332429853,1.63102101498,1.5581726162901017
1387,0.26134781397911444,0.5336345381526104,0.8688519709431471,0.17371060171919772,0.7085713751295979,1.2887803139299998,1.247170354752357
2451,0.41158451684795316,0.9948125836676707,0.417920090509081,0.07414040114613181,0.6884597290303065,1.1885146205700001,1.2247456667377525
714,0.23071567808437762,0.5736278447118475,0.8715612718831266,0.19902101241642792,0.632003455767432,1.1934894303299999,1.1781321919331504
4200,0.1541687552213868,0.7931726907630523,0.44060735977150434,0.14130850047755492,0.6173471659452944,1.0454166337200002,1.045125674487163
4103,0.40852130325814534,0.6303212851405623,0.4362558056450291,0.047946513849092647,0.34120765017506066,1.0785826714,1.0355117685115816
3889,0.2598162071846282,0.5060240963855421,0.847385971180903,0.1669452403693887,0.7001578888379467,1.31847514242,1.273068624835488
5699,0.2858813700918964,0.676706827309237,0.46459092533064117,0.06772206303724929,0.4854903630794907,1.01020101312,1.0296666061786643
1898,0.15141186299081036,0.7775100401606425,0.4395319757057662,0.13218720152817576,0.5944252494809116,1.04054154323,1.0225319384286022
134,0.12185463659147869,0.6020080321285141,0.8875669882103923,0.22368672397325692,0.5982744133258842,1.13742680588,1.1258535369659404
6963,0.8621553884711779,0.7724899598393574,0.42692747409804466,0.02169054441260745,0.2694038404044547,1.13523640876,1.120393242644649
237,0.8788638262322472,0.7620481927710844,0.43085387638457695,0.02189111747851003,0.26323925363400497,1.09071996845,1.1131229806197853
4173,0.1557560568086884,0.822289156626506,0.4412826009290608,0.13648519579751672,0.6223700650836792,1.0322974661700002,1.0571056019264056
4591,0.2843776106934001,0.6710843373493975,0.46634155055393584,0.07061127029608405,0.4801156155959163,0.9960808798459999,1.0280912077531048
269,0.260512392091061,0.5943775100401607,0.8169584375370909,0.20041388092956067,0.6968357862652655,1.17171573301,1.1586472340184546
2037,0.16307435254803676,0.7716867469879518,0.4471346909612173,0.12545367717287487,0.6138978308975452,1.0260152424,1.0280558024668487
6966,0.43095834825146195,0.997991967871486,0.3024115755629876,0.06209919497874881,0.6126043056118582,1.5124209496899998,1.4524967726665179
1391,0.16232247284878862,0.7491967871485944,0.44638442300837666,0.13467048710601717,0.6077125640092406,1.00356412817,1.0252775695606724
6413,0.4172096908939014,0.6273092369477912,0.4410075026796859,0.04713944603629417,0.3308161500236626,1.0053303121400001,1.0301415044023832
2618,0.2659426343634085,0.5868473895582329,0.8659342622368225,0.21008436803557787,0.6861655086170557,1.20121935182,1.1801239894974653
1689,0.14442773600668338,0.793574297188755,0.43320471597014404,0.1474212034383954,0.593715958688357,1.07116171031,1.0377261948845753
3662,0.2655249234193817,0.5726238286475904,0.9049065142320133,0.17550143266475646,0.7309764700951313,1.22867046106,1.211205357706946
5366,0.05395739348370927,0.6178045515391566,0.9090746695251551,0.7960920089135626,0.8495882925909519,1.20462447722,1.235524333797792
4822,0.28989139515455303,0.6827309236947792,0.49405144694551406,0.07285100286532951,0.4779202109959257,1.0273860646100001,1.0178575873026907
7400,0.16137009189640766,0.7664658634538152,0.4439835655592869,0.13442215854823306,0.6184603036847482,1.0268935724600001,1.0338194671553917
139,0.8738512949039264,0.7375502008032129,0.43380493033241646,0.02160936007640879,0.2673130357690674,1.06269206704,1.1115231008235553
2468,0.16150375939849623,0.7279116465863453,0.44703465523417185,0.14173829990448902,0.6262012857549736,1.01122901436,1.0258332397325434
4782,0.4142021720969089,0.6373493975903615,0.4435083958558212,0.04425023877745941,0.333542185409666,1.0131495967,1.024098197692323
1281,0.2245614035087719,0.5333333333333333,0.8818149339052812,0.23462273161413566,0.6280055716698704,1.15972007816,1.218211622217132
3821,0.4947368421052631,0.8184738955823293,0.4475098249376376,0.03303724928366762,0.4061891180891777,1.05131786531,1.0578151181508932
2452,0.28504594820384294,0.6740963855421687,0.46214005001802866,0.07016236867239733,0.4874610349256199,1.01961418541,1.0328444490282023
2825,0.14716791979949873,0.7289156626506024,0.4431832797429236,0.15219675262655205,0.6061687918343721,0.996760417865,1.0124743129452798
994,0.15931495405179616,0.7983935742971888,0.4434333690605371,0.13299904489016237,0.6204973630359636,1.0359696379999999,1.0443164312987072
2830,0.28153717627401836,0.6740963855421687,0.4604144337264953,0.07107449856733525,0.48336143309529006,1.0355639459700001,1.0298546121928325
5786,0.4576441102756892,0.858433734939759,0.4307788495892929,0.03693409742120344,0.43989239570431354,1.1032845259200001,1.089663106563545
2475,0.25995544416624894,0.5826639892901606,0.8661426700019171,0.21951607768218723,0.6568670471336178,1.22195562455,1.1778884304252992
6055,0.21871345029239764,0.5357429718875502,0.8888174347984596,0.20085959885386823,0.5615631475318887,1.14034174005,1.1949073750040855
1931,0.4556390977443609,0.9082329317269076,0.4455341193284907,0.042368672397325696,0.42825441835610256,1.03555477484,1.08042619811268
98,0.2852130325814536,0.6755020080321285,0.46234012147211945,0.06964183381088826,0.4794706747494854,1.02822644334,1.0287248489028091
6054,0.41253132832080197,0.6405622489959839,0.4426080743124125,0.046700095510983766,0.3360483810647389,1.02677662778,1.026549800911512
5369,0.26747424115873014,0.5850066934407631,0.8628081457666534,0.20749761222540591,0.6688587016522839,1.13863991326,1.176087711943333
3818,0.285547201336675,0.6799196787148595,0.4671418363702991,0.06941738299904489,0.4837366233527303,1.02968413131,1.0279974393991549
7659,0.41704260651629066,0.6281124497991968,0.4729939264024555,0.04805157593123209,0.3361299181159662,1.02223672647,1.0131583718672235
995,0.16165413533834586,0.7933734939759036,0.44555912826025207,0.13185291308500477,0.6234007433320982,1.03126860473,1.0428747847086695
2762,0.2887218045112782,0.6668674698795181,0.4638406573778006,0.0727650429799427,0.4791305362155486,1.0053043563700002,1.033372599491613
7157,0.2641325536065163,0.5714524765732931,0.8711444563541875,0.21844157911485199,0.6699592353533668,1.2347377999299998,1.1952592469307723
6969,0.6558061821219716,0.7897590361445783,0.44605930689547907,0.029073543457497613,0.3063986841483891,1.0537969655600001,1.0621310379519096
6962,0.41119465329991645,0.6367469879518072,0.4371561271884377,0.03936007640878701,0.3370135750744988,1.06854198089,1.026073195222813
6139,0.4026733500417711,0.994578313253012,0.46826723829955996,0.07860553963705826,0.6512410583947317,1.12447828478,1.1514779306965868
4780,0.28421052631578947,0.6885542168674699,0.4634405144696189,0.0695702005730659,0.4794650390676985,1.02886485608,1.0256096624566449
3752,0.2606516290726817,0.5674364123162651,0.8119566511848203,0.20184654568600766,0.7104623840608161,1.16708109268,1.1854851401263693
1899,0.6186895810952381,0.9962707974759036,0.314469453375425,0.006311570473471824,0.40008319134056525,1.47971238958,1.358168391878718
6915,0.40568086883876353,0.9977911646586346,0.41582350839600424,0.05070200573065903,0.6423731403164294,1.18534259392,1.1678407079934736
416,0.9206349206349207,0.9879518072289157,0.31675598427985596,0.011457906945009552,0.4313747385257225,1.44790040011,1.4951550390673927
770,0.8955722639933166,0.7863453815261044,0.4419828510183787,0.021265520534861512,0.2554219879472798,1.14020560352,1.076230214969479
428,0.4128654970760233,0.6367469879518072,0.43900678813877775,0.0386341929321872,0.33750920410007446,1.02194516277,1.0256515483135713
7473,0.48788638262322465,0.8586345381526104,0.4270025008933287,0.03797516714422158,0.3972161931558904,1.13250257067,1.0969184774228085
5868,0.14187134502923976,0.7999999999999999,0.42997856377292965,0.15348615090735435,0.5922205205907386,1.07417819587,1.04487873029974
6048,0.28738512949039263,0.6973895582329317,0.46484101464825467,0.06869149952244509,0.481445202075132,1.0313585828799998,1.026136564395553
2760,0.6451127819548872,0.7684738955823293,0.42655234012162435,0.03020057306590258,0.2848643342352423,1.08348554957,1.0866420406063555
2822,0.4155388471177945,0.65,0.4421579135407081,0.047836676217765044,0.3362800300433475,0.98991661014,1.0276610660207797
97,0.15465329991645782,0.8271084337349397,0.43833154698122123,0.13261700095510984,0.6205215986588181,1.05070459552,1.0557005714510685
7362,0.8685045948203843,0.7746987951807228,0.42692747409804466,0.01984718242597899,0.26680961351043553,1.11893067454,1.1137476356087759
2455,0.41854636591478694,0.6323293172690764,0.44090746695264055,0.04597898758357211,0.33106105405388536,1.01270743331,1.0291883627014444
6769,0.4120300751879699,0.6305220883534136,0.4424580207218444,0.0471919770773639,0.3315766556447977,1.0328175830500002,1.02571165426907
2279,0.6507936507936508,0.8022088353413656,0.4291282600930436,0.029235912129894938,0.30410031531228304,1.12950817934,1.0917936503181598
256,0.8131041890442773,0.9873780837640563,0.3154340836012202,0.012593805430491883,0.4862693781965813,1.4796884474,1.4632821775351283
4054,0.265107212475355,0.5311244979919679,0.8990710968206141,0.18079433301504297,0.7047121551539308,1.28521008059,1.2648125995817934
7657,0.28253968253968254,0.6755020080321285,0.47519471239745453,0.07104106972301816,0.4829636862970896,1.0721876538700001,1.024099285241153
6696,0.14332497911445277,0.8086345381526104,0.4323544122902581,0.15162368672397325,0.5867826308304659,1.0695320359799998,1.0473969060517732
6700,0.6395989974937343,0.7919678714859437,0.4429081814935487,0.02893505253104107,0.3144883807972173,1.04584892437,1.0668224888066442
7444,0.16838763575605678,0.7425702811244981,0.44638442300837666,0.1348710601719198,0.6201112618694741,1.0046896569,1.0321011684745236
6460,0.28755221386800334,0.6730923694779116,0.4926509467668784,0.07146609360076409,0.4742266316640225,1.0274420162200002,1.0168781766096051
4165,0.25758841548287387,0.5751338688082329,0.8719780874120657,0.21780483922325694,0.657187524425942,1.20583217084,1.1871978692446699
4772,0.16317460317460317,0.773293172690763,0.44663451232599016,0.12258834765998088,0.6171250056007875,1.03248121183,1.0272313541884452
5790,0.14922305764411026,0.8072289156626506,0.43653090389440385,0.1414517669531996,0.5993104848686914,1.0579247597700001,1.0450615053526744
3693,0.916099773241437,0.9921113023524097,0.3153269024659933,0.011891117478510028,0.43093346532028853,1.5118643139399999,1.5030044784122307
1127,0.8955722639933166,0.7487951807228916,0.44510896748854767,0.022693409742120346,0.26119849308276405,1.03339396549,1.084732217925282
3220,0.16401002506265663,0.7839357429718876,0.4478849589140579,0.125549188156638,0.6144103406092134,1.0277787328,1.0330464984188428
4108,0.15097744360902254,0.7632530120481927,0.43918185066110726,0.14455587392550143,0.5926032575857634,1.05329467659,1.024350310623246
4803,0.23040935672514617,0.46787148594377514,0.8900678813865274,0.20487106017191978,0.6409305206471013,1.32127177898,1.3223354372597846
6431,0.26649958228905596,0.5798192771084337,0.8644754078849105,0.20849251830635146,0.6759252075620058,1.21341150035,1.1841986585787803
999,0.28504594820384294,0.6771084337349398,0.4648910325117774,0.07010506208213946,0.4849015437736259,1.0334542016,1.030023641630235
7445,0.4158730158730159,0.6345381526104418,0.44173276170076525,0.04632760267430754,0.3304256151026887,1.0204026069299998,1.0261527743490109
4590,0.264828738512949,0.5500334672018072,0.8615576991785858,0.17036771728748806,0.7112081772336112,1.26031188073,1.2213232010918649
1538,0.9583333333333333,0.9937248995983936,0.2783337799215,0.010555754536771728,0.4132375941664281,1.69061151784,1.6459004847002248
263,0.285547201336675,0.6867469879518073,0.46449088960359575,0.073170964660936,0.4856478875321447,1.03061886765,1.0312962311141582
3610,0.22539682539682537,0.5726907630522089,0.8655591282604022,0.21150907354345747,0.6393238273935905,1.16940852667,1.178145858784068
6919,0.2868838763575605,0.695582329317269,0.46371561271899386,0.06992836676217765,0.48341378127327017,1.03486502713,1.028314515332962
2844,0.2883876357560568,0.6720883534136546,0.4658413719187088,0.07016714422158549,0.48374413642922304,1.03066301141,1.0321745911882665
2870,0.27886382623224726,0.661847389558233,0.4519364058593969,0.07005730659025787,0.4944306261487287,1.0757334177,1.0375648582586798
1239,0.28487886382623223,0.6704819277108434,0.4623651304038808,0.06755014326647564,0.4776453723313399,1.02193565065,1.0273590806923165
3536,0.28638262322472846,0.6787148594377509,0.4659914255092769,0.06824737344794651,0.48112903715301264,1.02012413775,1.0273769975218443
7231,0.16685045948203842,0.7867469879518072,0.44798499464110325,0.12788920725883476,0.6185295675776218,1.0257120959200001,1.0395657332237485
1120,0.2870509607351713,0.661847389558233,0.46756698821024206,0.08051098376313277,0.4797086945662134,1.02038116363,1.0358066893732056
1294,0.28738512949039263,0.6765060240963855,0.4649160414435387,0.06870582617000955,0.48395274848941766,1.02037156979,1.0304088831227172
7481,0.1546365914786967,0.7775100401606425,0.44620936048604726,0.13371537726838587,0.621905019549334,1.0372547058200001,1.0306668951112439
1002,0.1432581453634085,0.8022088353413656,0.43320471597014404,0.10974212034383954,0.5918356567149048,1.06246377004,1.0087901316877987
3658,0.42422723475355056,0.6845381526104417,0.4551625580566113,0.049078319006685765,0.3382098837621228,1.02050370529,1.017861254273873
4048,0.2830409356725146,0.6744979919678714,0.4650410861023455,0.07167144221585482,0.4798678122757051,1.04283286791,1.0276157490358848
1850,0.16633249791144528,0.7497991967871486,0.44715969989297855,0.1295606494746896,0.624929651898845,1.0240535089700002,1.0293923457035188
3689,0.28354218880534665,0.6708835341365462,0.4643158270812663,0.07190066857688635,0.47765187151331556,1.03680498987,1.0278933335627685
5701,0.5092731829573934,0.8206827309236948,0.44493390496621826,0.039794651384909265,0.38636885990240927,1.0284908394,1.0740018977686792
1652,0.48888888888888893,0.8291164658634538,0.4396070025010502,0.037769818529130854,0.4086580982853932,1.0780991500900001,1.0787308400703082
1287,0.25939849624060146,0.5466867469879518,0.8736453495290724,0.17705348615090735,0.7288079319733626,1.2672015350799999,1.2346138111671972
1548,0.8788638262322472,0.7421686746987951,0.4333797784924735,0.0221585482330468,0.26668370679233677,1.07857970062,1.1138792895038383
7201,0.28538011695906434,0.676706827309237,0.4662415148268904,0.06620821394460362,0.4799856252641367,1.0199822322799998,1.0253152302729893
6129,0.2843776106934001,0.6889558232931727,0.4641657734906982,0.07021967526265521,0.48262129288515154,1.02245683854,1.027167089800773
2158,0.8504594820384294,0.7843038821957832,0.37450875312625026,0.01884750079591691,0.3029686900940564,1.20553591113,1.256308775730869
1778,0.28036758563074354,0.6734939759036144,0.4541872097179186,0.06914517669531997,0.49693715833183816,1.06821027663,1.0365940930672322
2456,0.2634363686992481,0.5774765729588354,0.8746873883532956,0.21665074816929325,0.6602123273575392,1.2457292724299998,1.1868071900001498
1501,0.2858813700918964,0.6819277108433736,0.4627902822438238,0.06916427889207259,0.47894926749962513,1.0248092972299998,1.0274685489464588
7338,0.4019771651353383,0.9912985274427711,0.41598189829757626,0.1265520534861509,0.6339490152108167,1.3767536386,1.3983366960574741
4132,0.9165622389306598,0.9924698795180723,0.2819288138621943,0.011094197707736389,0.431506860361806,1.53735726596,1.6170487374869924
1695,0.9219477264578112,0.9918244406194778,0.31289746337917573,0.013443170964660935,0.4303664465447974,1.52947989219,1.5212012992974493
7660,0.16893901420217208,0.7614457831325301,0.47657020364432884,0.13290353390639922,0.6035680209960593,1.0063818084799998,1.0223069572243746
7876,0.8919918844695072,0.9885255306937751,0.3142550911037207,0.014121981170702007,0.4439357860465756,1.4877189855200001,1.5074165968018267
3216,0.8990332975271512,0.9863740676997993,0.31384423008264156,0.013890025924403058,0.4401204835480677,1.50699010226,1.5092788811917819
7340,0.4765246449456976,0.8493975903614458,0.4352804573063363,0.03873447946513849,0.40531287799820015,1.07306353252,1.0820424150716716
2286,0.4842105263157894,0.8110441767068273,0.4355555555557112,0.029489016236867244,0.40467752314639166,1.07966402189,1.0639826189315256
2846,0.22890559732664992,0.5493975903614458,0.8848160057166434,0.2267430754536772,0.6417707747185664,1.1885543225,1.2116611079718045
2818,0.15794486215538844,0.7257028112449799,0.44410861021809367,0.13543457497612227,0.6240636029955616,0.980570388534,1.0181368638105368
3944,0.28504594820384294,0.6755020080321285,0.4654662379422885,0.0713658070678128,0.47869230054908635,1.02831226635,1.0278944339945186
2389,0.264828738512949,0.5747991967871486,0.910116708348128,0.17912289079918814,0.7412044025593464,1.21086810465,1.2118216992650521
3543,0.42105263157894735,0.6295180722891567,0.44155769917843574,0.04683381088825215,0.33164361436230894,1.00370244726,1.0320400424616152
3661,0.15515455304928988,0.779718875502008,0.4417077527690038,0.13486150907354344,0.6225070065691228,1.0457442899200002,1.0350192910390588
2398,0.16404344193817874,0.7769076305220884,0.44703465523417185,0.12760267430754538,0.6149616284877322,1.00349782847,1.0327997779192346
2843,0.28721804511278193,0.6740963855421687,0.4677170418008102,0.07138490926456544,0.48097732529954873,1.0254121466700001,1.029690928585425
4141,0.28538011695906434,0.6765060240963855,0.4646159342624025,0.07279847182425979,0.47749539628588117,1.01374009021,1.0285573490639728
1921,0.28504594820384294,0.6777108433734941,0.4645158985353571,0.06820916905444127,0.49216125449300313,1.0468598775,1.032173754431079
3834,0.2852130325814536,0.6742971887550201,0.46419078242245954,0.07097421203438395,0.4774721119915598,1.02044280079,1.0279383251590395
2273,0.15999999999999998,0.7144578313253012,0.4454590925332067,0.14183381088825217,0.6140302187252347,1.02562244836,1.017341437276858
2453,0.639766081871345,0.8076305220883534,0.4175491246875375,0.02998567335243553,0.29855472957799095,1.11817768002,1.1090590902963338
5101,0.4158730158730159,0.6399598393574297,0.4415326902466743,0.04215377268385864,0.33492320291192956,1.02507493503,1.025377769130439
1236,0.2832080200501253,0.6702811244979919,0.46589138978223144,0.05628939828080229,0.4820822066732917,1.0372617872299998,1.0212388657856164
3068,0.26148705096073516,0.5532128514056225,0.900113135643587,0.17745144858333334,0.7458788306211466,1.21785696744,1.2392229475971206
776,0.4202172096908939,0.6405622489959839,0.4726938192213193,0.04641833810888252,0.3291195747314957,1.03027061665,1.0042112283196645
3612,0.16040100250626566,0.7905622489959839,0.4446087888533207,0.13032473734479463,0.6170161651513333,1.0465939170799998,1.0383725785594358
5784,0.2895572263993317,0.6927710843373494,0.4717184708826266,0.06732091690544413,0.4814655676627042,1.03471553994,1.0239203986550725
6128,0.16639933166248955,0.7562248995983936,0.4453840657379226,0.12058261700095511,0.6232669860820503,1.0091987894399999,1.0251521529550796
7399,0.41520467836257313,0.6600401606425703,0.4417827795642879,0.0465090735434575,0.32676324156590053,1.0371214830600002,1.0174508927868036
4821,0.2678919521027569,0.5155622489959839,0.8959449803504452,0.17936166825859598,0.6930262040432519,1.2617358423799998,1.282916521917075
7337,0.16056808688387636,0.7813253012048192,0.44613433369076316,0.1349570200573066,0.6247247149357299,1.02932898233,1.039656988221236
1656,0.641938178780284,0.8074297188755021,0.44373347624167336,0.030124164278892075,0.3193306667435519,1.05478635472,1.0704819437592328
6429,0.4105263157894737,0.6246987951807229,0.4413826366561062,0.0483046800382044,0.3296632751322086,1.0387203335,1.026150243637165
4161,0.8788638262322472,0.7471887550200803,0.44635941407661534,0.022363896848137534,0.2658672839611463,1.0549819870000001,1.0809067299343713
2613,0.885547201336675,0.7449799196787149,0.432704537334917,0.021895893027698187,0.26392068267751134,1.05897728881,1.1138084823101226
7398,0.883876357560568,0.779718875502008,0.4344301536264503,0.021456542502387776,0.2670994049710938,1.09829835204,1.1023081534894474
234,0.8676900584795321,0.9928463855421686,0.27961548767426925,0.011574737344794651,0.456057103569053,1.57183354914,1.6047933303125583
5778,0.41637426900584795,0.6389558232931727,0.44188281529133333,0.04735912129894938,0.334424895618777,1.03525188115,1.0290862622353507
4169,0.16295739348370925,0.7536144578313253,0.4464344408718994,0.1320916905444126,0.6182538928061548,1.01289460973,1.0280521795027575
5095,0.22406015037593982,0.5351405622489959,0.9160771704183338,0.24202483285577844,0.6242824047798676,1.22485078935,1.2331020892603384
6694,0.414703425229741,0.6345381526104418,0.4426580921759352,0.047975167144221585,0.3350375368232572,1.0425164408299998,1.0294463022370275
7887,0.16903926482873852,0.7429718875502008,0.444558770989798,0.1261365807067813,0.6190911020351438,0.998208102457,1.0272839665522993
6409,0.28404344193817876,0.6843373493975904,0.4639907109683687,0.05696752626552054,0.4741095917305387,1.0229686111,1.0160431733113338
806,0.3904761904761904,0.991566265060241,0.4949267595571615,0.10716332378223498,0.6692472701724668,1.15718065227,1.1803862048190037
1381,0.28387635756056806,0.6791164658634539,0.463940693104846,0.07090735434574975,0.4827077241172795,1.02271313785,1.0288058487097869
3682,0.28738512949039263,0.6777108433734941,0.46564130046461794,0.06963705826170011,0.486721937602649,1.02036002326,1.0316671444895986
7332,0.14668337510442772,0.8070281124497991,0.43473026080758653,0.13949379178605542,0.5949730572227911,1.05636873799,1.0402426664768443
2462,0.22639933166248957,0.5423694779116466,0.891318327974595,0.235243553008596,0.6224380033002376,1.18911506676,1.2117409417055085
239,0.260512392091061,0.5905287817941767,0.8628081457666534,0.20952722063037252,0.6572050684986682,1.2258293059799998,1.1671553517009785
6060,0.28721804511278193,0.6983935742971887,0.465366202215243,0.07144699140401146,0.48475429916096335,1.0260229761700002,1.0290017362735064
2394,0.28354218880534665,0.6803212851405622,0.464365844944789,0.07062559694364852,0.478271280138325,1.00365769895,1.0260095278044812
4194,0.4090225563909774,0.6273092369477912,0.4346052161487798,0.04720152817574021,0.3401081035454652,1.1033024184,1.0363238042796779
1004,0.9392230576441102,0.9909638554216867,0.2801781886388997,0.011831423113658071,0.4212559330330324,1.59740079165,1.636105997669835
2759,0.8742093328571428,0.9906769936887551,0.3108074312266205,0.013030427070534862,0.4532471722628423,1.53127144164,1.5078770747862054
3835,0.283375104427736,0.6871485943775101,0.46651661307626524,0.0711556829035339,0.4797347762386533,1.0207822123,1.0249514445970254
2871,0.2174881648563074,0.566432396252008,0.883857329998708,0.21947628143911174,0.614455512676947,1.17705880205,1.1809269011370462
4677,0.40601503759398494,0.9975903614457832,0.4184994640944689,0.04929321872015282,0.6390316206268936,1.17790319115,1.1593811836918277
1546,0.4775271512113617,0.7668674698795181,0.43740621650605127,0.037516714422158544,0.41574443243003395,1.07525683466,1.081251768799826
6424,0.26900584795321636,0.5394912985271085,0.9305406692861488,0.17896370582617002,0.7492766295999588,1.1978276351200001,1.2734295445466497
1796,0.2669172932330827,0.5729585006696787,0.8619745147075248,0.1735912129894938,0.7207322907460223,1.28826318575,1.1925863554115623
3063,0.10965747702589806,0.5522088353413656,0.877063236870624,0.18008595988538686,0.5539308174658262,1.16275917977,1.1711550718912072
2144,0.22857142857142856,0.5459839357429719,0.9238299392643529,0.20792741165234002,0.6222231570876763,1.21729294064,1.2332834572440046
7366,0.4208855472013367,0.6636546184738955,0.44123258306553814,0.04806112702960841,0.33239913046771863,1.00492100013,1.0263166206156664
620,0.1534502923976608,0.8136546184738956,0.43903179707053913,0.13810888252148998,0.6156208546078379,1.03598557185,1.0520173361242706
4582,0.10768588137009188,0.5152610441767068,0.8835655591285757,0.2558739255014327,0.5680205336249781,1.1392191439700001,1.154803356872635
3609,0.8872180451127819,0.7883534136546185,0.4309038942480996,0.021174785100286534,0.262265240045227,1.12634645102,1.1071988459962494
6690,0.889515455304929,0.9889558232931727,0.27775544837451865,0.013090974212034383,0.44499609895015824,1.63795924447,1.6270350618667462
381,0.15979949874686716,0.7608433734939759,0.4430582350841168,0.13414517669531997,0.6211414763563337,1.02451077778,1.0308272890638093
7368,0.2277360066833751,0.5343373493975904,0.8970703822797059,0.23476599808978035,0.6103488507122058,1.15714112044,1.2176653038786278
231,0.28036758563074354,0.6706827309236947,0.4506109324760452,0.06913085004775549,0.494988477444602,1.09589986041,1.0375990864316869
4049,0.8738512949039264,0.7937751004016064,0.43500535905696136,0.021723973256924548,0.2694410755659436,1.10729089396,1.0989318606252731
